"id","date_added","gspc","vix","tnx","wti","gold","ixic","rut"
4000,2017-01-11,2275.320068,11.26,2.37,52.25,1195.599976,5563.649902,1373.300049
4001,2017-01-12,2270.439941,11.54,2.361,53.009997999999996,1198.900024,5547.490234000001,1361.069946
4002,2017-01-13,2274.639893,11.23,2.38,52.369999,1195.300049,5574.120117,1372.050049
4003,2017-01-17,2267.889893,11.87,2.327,52.48,1212.0,5538.72998,1352.319946
4004,2017-01-18,2271.889893,12.48,2.389,51.080002,1211.300049,5555.649902,1358.560059
4005,2017-01-19,2263.689941,12.78,2.459,51.369999,1200.900024,5540.080078,1345.73999
4006,2017-01-20,2271.310059,11.54,2.467,52.419998,1204.300049,5555.330078,1351.849976
4007,2017-01-23,2265.199951,11.77,2.403,52.75,1215.0,5552.939941,1347.839966
4008,2017-01-24,2280.070068,11.07,2.471,53.18,1210.300049,5600.959961,1369.209961
4009,2017-01-25,2298.3701170000004,10.81,2.523,52.75,1197.300049,5656.339844,1382.439941
4010,2017-01-26,2296.679932,10.63,2.508,53.779999,1189.5,5655.180176,1375.599976
4011,2017-01-27,2294.689941,10.58,2.481,53.169998,1188.099976,5660.779785,1370.699951
4012,2017-01-30,2280.899902,11.88,2.483,52.630001,1193.199951,5613.709961,1352.329956
4013,2017-01-31,2278.8701170000004,11.99,2.451,52.810001,1208.599976,5614.790039,1361.819946
4014,2017-02-01,2279.550049,11.81,2.474,53.880001,1205.599976,5642.649902,1361.22998
4015,2017-02-02,2280.850098,11.93,2.47,53.540001000000004,1216.699951,5636.200195,1357.430054
4016,2017-02-03,2297.419922,10.97,2.491,53.830002,1218.5,5666.77002,1377.839966
4017,2017-02-06,2292.560059,11.37,2.413,53.009997999999996,1230.0,5663.549805,1366.660034
4018,2017-02-07,2293.080078,11.29,2.389,52.169998,1234.199951,5674.220215,1361.060059
4019,2017-02-08,2294.669922,11.45,2.351,52.34,1237.599976,5682.450195,1358.73999
4020,2017-02-09,2307.8701170000004,10.88,2.395,53.0,1235.099976,5715.180176,1378.530029
4021,2017-02-10,2316.100098,10.85,2.409,53.860001000000004,1234.400024,5734.129883,1388.839966
4022,2017-02-13,2328.25,11.07,2.434,52.93,1224.400024,5763.959961,1392.380005
4023,2017-02-14,2337.580078,10.74,2.47,53.200001,1223.900024,5782.569824,1396.650024
4024,2017-02-15,2349.25,11.97,2.502,53.110001000000004,1231.699951,5819.439941,1404.209961
4025,2017-02-16,2347.219971,11.76,2.45,53.360001000000004,1240.0,5814.899902,1399.130005
4026,2017-02-17,2351.159912,11.49,2.425,53.400002,1237.599976,5838.580078,1399.859985
4027,2017-02-21,2365.3798829999996,11.57,2.427,54.060001,1237.5,5865.950195,1410.339966
4028,2017-02-22,2362.820068,11.74,2.418,53.59,1232.0,5860.629883,1403.859985
4029,2017-02-23,2363.810059,11.71,2.388,54.450001,1250.199951,5835.509765999999,1394.619995
4030,2017-02-24,2367.340088,11.47,2.317,53.990002000000004,1256.900024,5845.310059,1394.52002
4031,2017-02-27,2369.75,12.09,2.369,54.049999,1257.400024,5861.899902,1407.969971
4032,2017-02-28,2363.639893,12.92,2.358,54.009997999999996,1252.599976,5825.439941,1386.680054
4033,2017-03-01,2395.959961,12.54,2.463,53.830002,1248.900024,5904.029785,1413.640015
4034,2017-03-02,2381.919922,11.81,2.489,52.610001000000004,1231.900024,5861.220215,1395.670044
4035,2017-03-03,2383.1201170000004,10.96,2.492,53.330002,1225.5,5870.75,1394.130005
4036,2017-03-06,2375.310059,11.24,2.494,53.200001,1224.5,5849.180176,1384.25
4037,2017-03-07,2368.389893,11.45,2.511,53.139998999999996,1215.099976,5833.930176,1374.880005
4038,2017-03-08,2362.97998,11.86,2.552,50.279999,1208.5,5837.549805,1366.040039
4039,2017-03-09,2364.8701170000004,12.3,2.598,49.279999,1202.400024,5838.810059,1360.119995
4040,2017-03-10,2372.600098,11.66,2.582,48.490002000000004,1200.699951,5861.72998,1365.26001
4041,2017-03-13,2373.469971,11.35,2.608,48.400002,1202.400024,5875.779785,1370.280029
4042,2017-03-14,2365.449951,12.3,2.595,47.720001,1201.900024,5856.819824,1362.380005
4043,2017-03-15,2385.26001,11.63,2.508,48.860001000000004,1200.099976,5900.049805,1382.829956
4044,2017-03-16,2381.3798829999996,11.21,2.522,48.75,1226.5,5900.759765999999,1386.030029
4045,2017-03-17,2378.25,11.28,2.501,48.779999,1229.800049,5901.0,1391.52002
4046,2017-03-20,2373.469971,11.34,2.473,48.220001,1233.599976,5901.529785,1384.099976
4047,2017-03-21,2344.02002,12.47,2.436,47.34,1246.099976,5793.830078,1346.550049
4048,2017-03-22,2348.449951,12.81,2.396,48.040001000000004,1249.300049,5821.640136999999,1345.599976
4049,2017-03-23,2345.959961,13.12,2.418,47.700001,1246.900024,5817.689941,1353.430054
4050,2017-03-24,2343.97998,12.96,2.4,47.970001,1248.199951,5828.740234000001,1354.640015
4051,2017-03-27,2341.590088,12.5,2.373,47.73,1255.400024,5840.370117,1357.319946
4052,2017-03-28,2358.570068,11.53,2.409,48.369999,1255.300049,5875.140136999999,1367.26001
4053,2017-03-29,2361.1298829999996,11.42,2.386,49.509997999999996,1253.400024,5897.549805,1371.640015
4054,2017-03-30,2368.060059,11.54,2.416,50.349998,1245.0,5914.339844,1382.349976
4055,2017-03-31,2362.719971,12.37,2.396,50.599998,1247.300049,5911.740234000001,1385.920044
4056,2017-04-03,2358.840088,12.38,2.35,50.240002000000004,1250.800049,5894.680176,1369.670044
4057,2017-04-04,2360.159912,11.79,2.35,51.029999,1255.0,5898.609863000001,1368.180054
4058,2017-04-05,2352.949951,12.89,2.357,51.150002,1245.400024,5864.47998,1352.140015
4059,2017-04-06,2357.48999,12.39,2.343,51.700001,1250.300049,5878.950195,1364.430054
4060,2017-04-07,2355.540039,12.87,2.373,52.240002000000004,1254.300049,5877.810059,1364.560059
4061,2017-04-10,2357.159912,14.05,2.361,53.080002,1251.099976,5880.930176,1367.089966
4062,2017-04-11,2353.780029,15.07,2.298,53.400002,1271.199951,5866.77002,1376.949951
4063,2017-04-12,2344.929932,15.77,2.296,53.110001000000004,1275.300049,5836.160156,1359.199951
4064,2017-04-13,2328.949951,15.96,2.232,53.18,1285.900024,5805.149902,1345.23999
4065,2017-04-17,2349.01001,14.66,2.252,52.650002,1289.400024,5856.790039,1361.180054
4066,2017-04-18,2342.189941,14.42,2.179,52.41,1291.699951,5849.470215,1361.890015
4067,2017-04-19,2338.169922,14.93,2.202,50.439999,1281.400024,5863.029785,1367.130005
4068,2017-04-20,2355.840088,14.15,2.241,50.27,1281.900024,5916.779785,1384.150024
4069,2017-04-21,2348.689941,14.63,2.237,49.619999,1287.400024,5910.52002,1379.849976
4070,2017-04-24,2374.149902,10.84,2.273,49.23,1275.800049,5983.819824,1397.939941
4071,2017-04-25,2388.610107,10.76,2.327,49.560001,1265.599976,6025.490234000001,1411.079956
4072,2017-04-26,2387.449951,10.85,2.311,49.619999,1262.099976,6025.22998,1419.430054
4073,2017-04-27,2388.77002,10.36,2.296,48.970001,1263.699951,6048.939941,1417.130005
4074,2017-04-28,2384.199951,10.82,2.282,49.330002,1266.099976,6047.609863000001,1400.430054
4075,2017-05-01,2388.330078,10.11,2.325,48.84,1253.300049,6091.600098,1407.359985
4076,2017-05-02,2391.169922,10.59,2.296,47.66,1255.099976,6095.370117,1399.359985
4077,2017-05-03,2388.1298829999996,10.68,2.309,47.82,1246.400024,6072.549805,1390.920044
4078,2017-05-04,2389.52002,10.46,2.356,45.52,1226.5,6075.339844,1388.849976
4079,2017-05-05,2399.290039,10.57,2.352,46.220001,1224.800049,6100.759765999999,1397.0
4080,2017-05-08,2399.3798829999996,9.77,2.376,46.43,1225.300049,6102.660156,1391.640015
4081,2017-05-09,2396.919922,9.96,2.407,45.880001,1214.300049,6120.589844,1391.859985
4082,2017-05-10,2399.6298829999996,10.21,2.414,47.330002,1217.300049,6129.140136999999,1399.589966
4083,2017-05-11,2394.439941,10.6,2.4,47.830002,1222.699951,6115.959961,1390.199951
4084,2017-05-12,2390.899902,10.4,2.335,47.84,1226.199951,6121.22998,1382.77002
4085,2017-05-15,2402.320068,10.42,2.338,48.849998,1228.599976,6149.669922,1393.920044
4086,2017-05-16,2400.669922,10.65,2.329,48.66,1235.0,6169.870117,1394.680054
4087,2017-05-17,2357.030029,15.59,2.216,49.07,1257.5,6011.240234000001,1355.890015
4088,2017-05-18,2365.719971,14.66,2.233,49.349998,1251.699951,6055.129883,1361.079956
4089,2017-05-19,2381.72998,12.04,2.245,50.330002,1252.699951,6083.700195,1367.329956
4090,2017-05-22,2394.02002,10.93,2.254,50.73,1260.699951,6133.620117,1377.140015
4091,2017-05-23,2398.419922,10.72,2.285,51.470001,1254.800049,6138.709961,1380.97998
4092,2017-05-24,2404.389893,10.02,2.266,51.360001000000004,1252.400024,6163.02002,1382.51001
4093,2017-05-25,2415.070068,9.99,2.255,48.900002,1255.800049,6205.259765999999,1383.390015
4094,2017-05-26,2415.820068,9.81,2.25,49.799999,1267.599976,6210.189941,1382.23999
4095,2017-05-30,2412.909912,10.38,2.217,49.66,1262.099976,6203.189941,1371.189941
4096,2017-05-31,2411.800049,10.41,2.196,48.32,1272.0,6198.52002,1370.209961
4097,2017-06-01,2430.060059,9.89,2.217,48.360001000000004,1267.0,6246.830078,1396.060059
4098,2017-06-02,2439.070068,9.75,2.159,47.66,1276.800049,6305.799805,1405.390015
4099,2017-06-05,2436.100098,10.07,2.182,47.400002,1279.300049,6295.680176,1396.449951
4100,2017-06-06,2429.330078,10.45,2.147,48.189999,1294.400024,6275.060059,1394.900024
4101,2017-06-07,2433.139893,10.39,2.178,45.720001,1290.099976,6297.379883,1396.670044
4102,2017-06-08,2433.790039,10.16,2.194,45.639998999999996,1276.300049,6321.759765999999,1415.609985
4103,2017-06-09,2431.77002,10.7,2.199,45.830002,1268.5,6207.919922,1421.709961
4104,2017-06-12,2429.389893,11.46,2.213,46.080002,1266.099976,6175.459961,1419.209961
4105,2017-06-13,2440.350098,10.42,2.207,46.459998999999996,1265.800049,6220.370117,1425.98999
4106,2017-06-14,2437.919922,10.64,2.138,44.73,1272.800049,6194.890136999999,1417.569946
4107,2017-06-15,2432.459961,10.9,2.162,44.459998999999996,1252.199951,6165.5,1410.079956
4108,2017-06-16,2433.149902,10.38,2.157,44.740002000000004,1254.0,6151.759765999999,1406.72998
4109,2017-06-19,2453.459961,10.37,2.19,44.200001,1244.199951,6239.009765999999,1418.079956
4110,2017-06-20,2437.030029,10.86,2.153,43.23,1241.0,6188.029785,1402.969971
4111,2017-06-21,2435.610107,10.75,2.155,42.529999,1243.400024,6233.950195,1399.25
4112,2017-06-22,2434.5,10.48,2.153,42.740002000000004,1247.599976,6236.689941,1404.540039
4113,2017-06-23,2438.300049,10.02,2.144,43.009997999999996,1256.199951,6265.25,1414.780029
4114,2017-06-26,2439.070068,9.9,2.137,43.380001,1246.300049,6247.149902,1416.640015
4115,2017-06-27,2419.3798829999996,11.06,2.198,44.240002000000004,1246.400024,6146.620117,1403.52002
4116,2017-06-28,2440.689941,10.03,2.221,44.740002000000004,1248.0,6234.410156,1425.27002
4117,2017-06-29,2419.699951,11.44,2.267,44.93,1244.199951,6144.350098,1416.199951
4118,2017-06-30,2423.409912,11.18,2.302,46.040001000000004,1240.699951,6140.419922,1415.359985
4119,2017-07-03,2429.01001,11.22,2.302,46.040001000000004,1240.699951,6110.060059,1426.680054
4120,2017-07-05,2432.540039,11.07,2.334,45.130001,1220.400024,6150.859863000001,1420.150024
4121,2017-07-06,2409.75,12.54,2.37,45.52,1222.199951,6089.459961,1400.810059
4122,2017-07-07,2425.179932,11.19,2.393,44.23,1208.599976,6153.080078,1415.839966
4123,2017-07-10,2427.429932,11.11,2.371,44.400002,1212.099976,6176.390136999999,1408.469971
4124,2017-07-11,2425.530029,10.89,2.362,45.040001000000004,1213.599976,6193.299805,1413.050049
4125,2017-07-12,2443.25,10.3,2.327,45.490002000000004,1218.099976,6261.169922,1424.319946
4126,2017-07-13,2447.830078,9.9,2.348,46.080002,1216.300049,6274.439941,1425.660034
4127,2017-07-14,2459.27002,9.51,2.319,46.540001000000004,1226.599976,6312.470215,1428.819946
4128,2017-07-17,2459.139893,9.82,2.309,46.02,1232.800049,6314.430176,1431.599976
4129,2017-07-18,2460.610107,9.89,2.263,46.400002,1241.099976,6344.310059,1427.609985
4130,2017-07-19,2473.830078,9.79,2.268,47.119999,1241.199951,6385.040039,1441.77002
4131,2017-07-20,2473.449951,9.58,2.266,46.790001000000004,1244.800049,6390.0,1442.349976
4132,2017-07-21,2472.540039,9.36,2.232,45.77,1254.300049,6387.75,1435.839966
4133,2017-07-24,2469.909912,9.43,2.254,46.34,1253.900024,6410.810059,1438.050049
4134,2017-07-25,2477.1298829999996,9.43,2.326,47.889998999999996,1251.699951,6412.169922,1450.390015
4135,2017-07-26,2477.830078,9.6,2.282,48.75,1249.0,6422.75,1442.280029
4136,2017-07-27,2475.419922,10.11,2.31,49.040001000000004,1259.599976,6382.189941,1433.619995
4137,2017-07-28,2472.100098,10.29,2.289,49.709998999999996,1268.400024,6374.680176,1429.26001
4138,2017-07-31,2470.300049,10.26,2.292,50.169998,1266.599976,6348.120117,1425.140015
4139,2017-08-01,2476.350098,10.09,2.251,49.16,1272.599976,6362.939941,1428.329956
4140,2017-08-02,2477.570068,10.28,2.262,49.59,1271.800049,6362.649902,1412.900024
4141,2017-08-03,2472.159912,10.44,2.228,49.029999,1267.800049,6340.339844,1405.22998
4142,2017-08-04,2476.830078,10.03,2.267,49.580002,1258.300049,6351.560059,1412.319946
4143,2017-08-07,2480.909912,9.93,2.257,49.389998999999996,1258.199951,6383.77002,1414.170044
4144,2017-08-08,2474.919922,10.96,2.283,49.169998,1256.400024,6370.459961,1410.150024
4145,2017-08-09,2474.02002,11.11,2.241,49.560001,1273.0,6352.330078,1396.949951
4146,2017-08-10,2438.209961,16.040001,2.212,48.59,1283.699951,6216.870117,1372.540039
4147,2017-08-11,2441.320068,15.51,2.189,48.82,1287.699951,6256.560059,1374.22998
4148,2017-08-14,2465.840088,12.33,2.219,47.59,1284.199951,6340.22998,1394.310059
4149,2017-08-15,2464.610107,12.04,2.266,47.549999,1273.699951,6333.009765999999,1383.23999
4150,2017-08-16,2468.110107,11.74,2.226,46.779999,1276.900024,6345.109863000001,1383.530029
4151,2017-08-17,2430.01001,15.55,2.199,47.09,1286.400024,6221.910156,1358.939941
4152,2017-08-18,2425.550049,14.26,2.194,48.509997999999996,1285.699951,6216.529785,1357.790039
4153,2017-08-21,2428.3701170000004,13.19,2.18,47.369999,1290.800049,6213.129883,1356.900024
4154,2017-08-22,2452.51001,11.35,2.215,47.639998999999996,1285.099976,6297.47998,1371.540039
4155,2017-08-23,2444.040039,12.25,2.171,48.41,1288.900024,6278.410156,1369.73999
4156,2017-08-24,2438.969971,12.23,2.194,47.43,1286.5,6271.330078,1373.880005
4157,2017-08-25,2443.050049,11.28,2.169,47.869999,1292.5,6265.640136999999,1377.449951
4158,2017-08-28,2444.23999,11.32,2.159,46.57,1309.699951,6283.02002,1382.22998
4159,2017-08-29,2446.300049,11.7,2.136,46.439999,1313.099976,6301.890136999999,1383.680054
4160,2017-08-30,2457.590088,11.22,2.143,45.959998999999996,1308.099976,6368.310059,1391.319946
4161,2017-08-31,2471.649902,10.59,2.121,47.23,1316.199951,6428.660156,1405.280029
4162,2017-09-01,2476.550049,10.13,2.157,47.290001000000004,1324.5,6435.330078,1413.569946
4163,2017-09-05,2457.850098,12.23,2.07,48.66,1339.199951,6375.569824,1399.660034
4164,2017-09-06,2465.540039,11.63,2.108,49.16,1333.900024,6393.310059,1402.199951
4165,2017-09-07,2465.100098,11.55,2.061,49.09,1345.099976,6397.870117,1398.670044
4166,2017-09-08,2461.429932,12.12,2.061,47.48,1346.0,6360.189941,1399.430054
4167,2017-09-11,2488.110107,10.73,2.125,48.07,1331.0,6432.259765999999,1414.829956
4168,2017-09-12,2496.47998,10.58,2.171,48.23,1328.0,6454.279785,1423.459961
4169,2017-09-13,2498.3701170000004,10.5,2.195,49.299999,1323.400024,6460.189941,1426.890015
4170,2017-09-14,2495.6201170000004,10.44,2.197,49.889998999999996,1324.699951,6429.080078,1425.02002
4171,2017-09-15,2500.22998,10.17,2.202,49.889998999999996,1320.400024,6448.470215,1431.709961
4172,2017-09-18,2503.8701170000004,10.15,2.229,49.91,1306.300049,6454.640136999999,1441.079956
4173,2017-09-19,2506.649902,10.18,2.243,49.48,1306.199951,6461.319824,1440.400024
4174,2017-09-20,2508.23999,9.78,2.277,50.41,1312.0,6456.040039,1445.420044
4175,2017-09-21,2500.600098,9.67,2.278,50.549999,1290.599976,6422.689941,1444.180054
4176,2017-09-22,2502.219971,9.59,2.262,50.66,1293.300049,6426.919922,1450.780029
4177,2017-09-25,2496.659912,10.21,2.22,52.220001,1306.800049,6370.589844,1451.959961
4178,2017-09-26,2496.840088,10.17,2.229,51.880001,1297.0,6380.160156,1456.859985
4179,2017-09-27,2507.040039,9.87,2.309,52.139998999999996,1283.400024,6453.259765999999,1484.810059
4180,2017-09-28,2510.060059,9.55,2.309,51.560001,1285.5,6453.450195,1488.790039
4181,2017-09-29,2519.360107,9.51,2.326,51.669998,1281.5,6495.959961,1490.859985
4182,2017-10-02,2529.1201170000004,9.45,2.337,50.580002,1272.699951,6516.720215,1509.469971
4183,2017-10-03,2534.580078,9.51,2.334,50.419998,1271.5,6531.709961,1511.969971
4184,2017-10-04,2537.73999,9.63,2.33,49.98,1273.699951,6534.629883,1507.76001
4185,2017-10-05,2552.070068,9.19,2.35,50.790001000000004,1269.900024,6585.359863000001,1512.089966
4186,2017-10-06,2549.330078,9.65,2.37,49.290001000000004,1271.599976,6590.180176,1510.219971
4187,2017-10-09,2544.72998,10.33,2.361,49.580002,1281.800049,6579.72998,1503.560059
4188,2017-10-10,2550.639893,10.08,2.345,50.919998,1290.599976,6587.25,1508.01001
4189,2017-10-11,2555.23999,9.85,2.345,51.299999,1285.800049,6603.549805,1506.920044
4190,2017-10-12,2550.929932,9.91,2.323,50.599998,1293.300049,6591.509765999999,1505.160034
4191,2017-10-13,2553.169922,9.61,2.28,51.450001,1301.5,6605.799805,1502.660034
4192,2017-10-16,2557.639893,9.91,2.307,51.869999,1299.900024,6624.0,1502.680054
4193,2017-10-17,2559.360107,10.31,2.298,51.880001,1283.0,6623.660156,1497.5
4194,2017-10-18,2561.26001,10.07,2.339,52.040001000000004,1279.900024,6624.220215,1505.140015
4195,2017-10-19,2562.100098,10.05,2.321,51.290001000000004,1286.900024,6605.069824,1502.040039
4196,2017-10-20,2575.209961,9.97,2.381,51.470001,1277.400024,6629.049805,1509.25
4197,2017-10-23,2564.97998,11.07,2.376,51.900002,1277.699951,6586.830078,1497.48999
4198,2017-10-24,2569.1298829999996,11.16,2.406,52.470001,1275.0,6598.430176,1500.420044
4199,2017-10-25,2557.149902,11.23,2.444,52.18,1275.400024,6563.890136999999,1493.47998
4200,2017-10-26,2560.399902,11.3,2.452,52.639998999999996,1266.300049,6556.77002,1497.459961
4201,2017-10-27,2581.070068,9.8,2.428,53.900002,1268.5,6701.259765999999,1508.319946
4202,2017-10-30,2572.830078,10.5,2.37,54.150002,1274.099976,6698.959961,1490.900024
4203,2017-10-31,2575.26001,10.18,2.376,54.380001,1267.0,6727.669922,1502.530029
4204,2017-11-01,2579.360107,10.2,2.376,54.299999,1274.099976,6716.529785,1492.780029
4205,2017-11-02,2579.850098,9.93,2.347,54.540001000000004,1274.900024,6714.939941,1496.550049
4206,2017-11-03,2587.840088,9.14,2.343,55.639998999999996,1266.5,6764.439941,1494.910034
4207,2017-11-06,2591.1298829999996,9.4,2.32,57.349998,1279.400024,6786.439941,1497.959961
4208,2017-11-07,2590.639893,9.89,2.307,57.200001,1273.699951,6767.779785,1479.089966
4209,2017-11-08,2594.3798829999996,9.78,2.325,56.810001,1281.599976,6789.120117,1481.72998
4210,2017-11-09,2584.6201170000004,10.5,2.331,57.169998,1285.599976,6750.049805,1475.02002
4211,2017-11-10,2582.300049,11.29,2.4,56.740002000000004,1272.400024,6750.939941,1475.27002
4212,2017-11-13,2584.840088,11.5,2.4,56.759997999999996,1277.300049,6757.600098000001,1475.069946
4213,2017-11-14,2578.8701170000004,11.59,2.381,55.700001,1281.5,6737.870117,1471.26001
4214,2017-11-15,2564.6201170000004,13.13,2.335,55.330002,1276.5,6706.209961,1464.089966
4215,2017-11-16,2585.639893,11.76,2.361,55.139998999999996,1277.400024,6793.290039,1486.880005
4216,2017-11-17,2578.850098,11.43,2.354,56.549999,1295.800049,6782.790039,1492.819946
4217,2017-11-20,2582.139893,10.65,2.372,56.09,1274.599976,6790.709961,1503.400024
4218,2017-11-21,2599.030029,9.73,2.363,56.830002,1281.099976,6862.47998,1518.890015
4219,2017-11-22,2597.080078,9.88,2.322,58.02,1291.599976,6867.359863,1516.76001
4220,2017-11-24,2602.419922,9.67,2.322,58.02,1291.599976,6889.160156,1519.160034
4221,2017-11-27,2601.419922,9.87,2.328,58.110001000000004,1293.800049,6878.52002,1513.310059
4222,2017-11-28,2627.040039,10.03,2.338,57.990002000000004,1294.699951,6912.359863,1536.430054
4223,2017-11-29,2626.070068,10.7,2.376,57.299999,1282.099976,6824.390137,1542.300049
4224,2017-11-30,2647.580078,11.28,2.417,57.400002,1273.199951,6873.970215,1544.140015
4225,2017-12-01,2642.219971,11.43,2.362,58.360001000000004,1278.800049,6847.589844,1537.02002
4226,2017-12-04,2639.439941,11.68,2.379,57.470001,1274.300049,6775.370117,1532.410034
4227,2017-12-05,2629.570068,11.33,2.356,57.619999,1261.599976,6762.209961,1516.76001
4228,2017-12-06,2629.27002,11.02,2.33,55.959998999999996,1262.800049,6776.379883,1508.880005
4229,2017-12-07,2636.97998,10.16,2.376,56.689999,1249.800049,6812.839844,1520.469971
4230,2017-12-08,2651.5,9.58,2.383,57.360001000000004,1245.199951,6840.080078,1521.719971
4231,2017-12-11,2659.98999,9.34,2.385,57.990002000000004,1243.699951,6875.080078,1519.839966
4232,2017-12-12,2664.110107,9.92,2.403,57.139998999999996,1238.5,6862.319823999999,1516.119995
4233,2017-12-13,2662.850098,10.18,2.349,56.599998,1245.400024,6875.799805,1524.449951
4234,2017-12-14,2652.01001,10.49,2.346,57.040001000000004,1253.800049,6856.529785,1506.949951
4235,2017-12-15,2675.810059,9.42,2.355,57.299999,1254.300049,6936.580078,1530.420044
4236,2017-12-18,2690.159912,9.53,2.392,57.16,1262.199951,6994.759765999999,1548.920044
4237,2017-12-19,2681.469971,10.03,2.463,57.459998999999996,1260.699951,6963.850098000001,1536.75
4238,2017-12-20,2679.25,9.72,2.497,58.09,1266.099976,6960.959961,1540.079956
4239,2017-12-21,2684.570068,9.62,2.481,58.360001000000004,1267.300049,6965.359863,1547.109985
4240,2017-12-22,2683.340088,9.9,2.485,58.470001,1275.400024,6959.959961,1542.930054
4241,2017-12-26,2680.5,10.25,2.467,59.970001,1284.099976,6936.25,1544.22998
4242,2017-12-27,2682.6201170000004,10.47,2.414,59.639998999999996,1287.0,6939.339844,1543.939941
4243,2017-12-28,2687.540039,10.18,2.432,59.84,1294.099976,6950.160156,1548.930054
4244,2017-12-29,2673.610107,11.04,2.405,60.419998,1306.300049,6903.390137,1535.51001
4245,2018-01-02,2695.810059,9.77,2.465,60.369999,1313.699951,7006.899901999999,1550.01001
4246,2018-01-03,2713.060059,9.15,2.447,61.630001,1316.199951,7065.529785,1552.579956
4247,2018-01-04,2723.98999,9.22,2.453,62.009997999999996,1319.400024,7077.910156,1555.719971
4248,2018-01-05,2743.149902,9.22,2.476,61.439999,1320.300049,7136.560059,1560.01001
4249,2018-01-08,2747.709961,9.52,2.48,61.73,1318.599976,7157.390137,1561.810059
4250,2018-01-09,2751.290039,10.08,2.546,62.959998999999996,1311.699951,7163.580078,1560.099976
4251,2018-01-10,2748.22998,9.82,2.55,63.57,1317.400024,7153.569823999999,1559.800049
4252,2018-01-11,2767.560059,9.88,2.531,63.799999,1320.599976,7211.779785,1586.790039
4253,2018-01-12,2786.23999,10.16,2.552,64.300003,1333.400024,7261.060059,1591.969971
4254,2018-01-16,2776.419922,11.66,2.544,63.73,1335.400024,7223.689941,1572.969971
4255,2018-01-17,2802.560059,11.91,2.578,63.970001,1338.0,7298.279785,1586.660034
4256,2018-01-18,2798.030029,12.22,2.611,63.950001,1326.0,7296.049805,1576.72998
4257,2018-01-19,2810.300049,11.27,2.637,63.369999,1331.900024,7336.379883,1597.630005
4258,2018-01-22,2832.969971,11.03,2.665,63.490002000000004,1330.900024,7408.029785,1605.170044
4259,2018-01-23,2839.1298829999996,11.1,2.624,64.470001,1335.699951,7460.290039,1610.709961
4260,2018-01-24,2837.540039,11.47,2.654,65.610001,1355.900024,7415.060059,1601.77002
4261,2018-01-25,2839.25,11.58,2.621,65.510002,1362.400024,7411.160156,1601.670044
4262,2018-01-26,2872.8701170000004,11.08,2.662,66.139999,1351.599976,7505.77002,1608.060059
4263,2018-01-29,2853.530029,13.84,2.699,65.559998,1351.599976,7466.509765999999,1598.109985
4264,2018-01-30,2822.429932,14.79,2.726,64.5,1335.400024,7402.47998,1582.819946
4265,2018-01-31,2823.810059,13.54,2.72,64.730003,1339.0,7411.47998,1574.97998
4266,2018-02-01,2821.97998,13.47,2.773,65.800003,1344.300049,7385.859863,1579.869995
4267,2018-02-02,2762.1298829999996,17.309998999999998,2.854,65.449997,1333.699951,7240.950195,1547.27002
4268,2018-02-05,2648.939941,37.32,2.794,64.150002,1333.0,6967.529785,1491.089966
4269,2018-02-06,2695.139893,29.98,2.768,63.389998999999996,1326.099976,7115.879883,1507.170044
4270,2018-02-07,2681.659912,27.73,2.844,61.790001000000004,1311.599976,7051.97998,1507.969971
4271,2018-02-08,2581.0,33.459998999999996,2.851,61.150002,1316.900024,6777.160156,1463.790039
4272,2018-02-09,2619.550049,29.059998999999998,2.829,59.200001,1313.099976,6874.490234000001,1477.839966
4273,2018-02-12,2656.0,25.610001,2.857,59.290001000000004,1324.199951,6981.959961,1490.97998
4274,2018-02-13,2662.939941,24.969998999999998,2.84,59.189999,1328.099976,7013.509765999999,1494.949951
4275,2018-02-14,2698.6298829999996,19.26,2.913,60.599998,1355.5,7143.620117,1522.099976
4276,2018-02-15,2731.199951,19.129998999999998,2.891,61.34,1352.099976,7256.430176000001,1537.199951
4277,2018-02-16,2732.219971,19.459999,2.877,61.68,1353.199951,7239.470215,1543.550049
4278,2018-02-20,2716.26001,20.6,2.893,61.900002,1328.800049,7234.310059,1529.98999
4279,2018-02-21,2701.330078,20.02,2.943,61.68,1330.0,7218.22998,1531.839966
4280,2018-02-22,2703.959961,18.719998999999998,2.917,62.77,1330.599976,7210.089844,1529.98999
4281,2018-02-23,2747.300049,16.49,2.871,63.549999,1328.199951,7337.390137,1549.189941
4282,2018-02-26,2779.600098,15.8,2.859,63.91,1330.699951,7421.459961,1559.329956
4283,2018-02-27,2744.280029,18.59,2.908,63.009997999999996,1315.5,7330.350098000001,1536.469971
4284,2018-02-28,2713.830078,19.85,2.868,61.639998999999996,1315.5,7273.009765999999,1512.449951
4285,2018-03-01,2677.669922,22.469998999999998,2.804,60.990002000000004,1302.900024,7180.560059,1507.390015
4286,2018-03-02,2691.25,19.59,2.857,61.25,1321.099976,7257.870117,1533.170044
4287,2018-03-05,2720.939941,18.73,2.881,62.57,1318.099976,7330.709961,1546.050049
4288,2018-03-06,2728.1201170000004,18.360001,2.877,62.599998,1333.599976,7372.009765999999,1562.199951
4289,2018-03-07,2726.800049,17.76,2.883,61.150002,1326.0,7396.649901999999,1574.530029
4290,2018-03-08,2738.969971,16.540001,2.866,60.119999,1319.900024,7427.950195,1571.969971
4291,2018-03-09,2786.570068,14.64,2.894,62.040001000000004,1322.400024,7560.810059,1597.140015
4292,2018-03-12,2783.02002,15.78,2.87,61.360001000000004,1319.400024,7588.319823999999,1601.060059
4293,2018-03-13,2765.310059,16.35,2.848,60.709998999999996,1325.900024,7511.009765999999,1592.050049
4294,2018-03-14,2749.47998,17.23,2.817,60.959998999999996,1324.400024,7496.810059,1584.310059
4295,2018-03-15,2747.330078,16.59,2.826,61.189999,1316.800049,7481.740234000001,1576.619995
4296,2018-03-16,2752.01001,15.8,2.848,62.34,1311.300049,7481.990234000001,1586.050049
4297,2018-03-19,2712.919922,19.02,2.845,62.060001,1316.800049,7344.240234000001,1570.560059
4298,2018-03-20,2716.939941,18.200001,2.879,63.400002,1311.099976,7364.299805,1570.410034
4299,2018-03-21,2711.929932,17.860001,2.907,65.16999799999999,1320.699951,7345.290039,1579.300049
4300,2018-03-22,2643.689941,23.34,2.832,64.300003,1326.599976,7166.680176000001,1543.869995
4301,2018-03-23,2588.26001,24.870001000000002,2.83,65.879997,1349.300049,6992.669922,1510.079956
4302,2018-03-26,2658.550049,21.030001000000002,2.843,65.550003,1354.400024,7220.540039,1543.719971
4303,2018-03-27,2612.6201170000004,22.5,2.786,65.25,1341.300049,7008.810059,1513.569946
4304,2018-03-28,2605.0,22.870001000000002,2.775,64.379997,1324.199951,6949.22998,1513.030029
4305,2018-03-29,2640.8701170000004,19.969998999999998,2.741,64.940002,1322.800049,7063.450195,1529.430054
4306,2018-04-02,2581.8798829999996,23.620001000000002,2.732,63.009997999999996,1342.099976,6870.120117,1492.530029
4307,2018-04-03,2614.449951,21.1,2.784,63.509997999999996,1332.800049,6941.279785,1512.150024
4308,2018-04-04,2644.689941,20.059998999999998,2.788,63.369999,1335.800049,7042.109863,1531.660034
4309,2018-04-05,2662.840088,18.940001000000002,2.832,63.540001000000004,1324.300049,7076.549805,1542.930054
4310,2018-04-06,2604.469971,21.49,2.775,62.060001,1331.900024,6915.109863,1513.300049
4311,2018-04-09,2613.159912,21.77,2.786,63.419998,1336.300049,6950.339844,1514.459961
4312,2018-04-10,2656.8701170000004,20.469998999999998,2.797,65.510002,1342.0,7094.299805,1543.430054
4313,2018-04-11,2642.189941,20.24,2.79,66.82,1356.5,7069.029785,1546.800049
4314,2018-04-12,2663.98999,18.49,2.834,67.07,1338.400024,7140.25,1557.329956
4315,2018-04-13,2656.300049,17.41,2.829,67.389999,1344.800049,7106.649901999999,1549.51001
4316,2018-04-16,2677.840088,16.559998999999998,2.832,66.220001,1347.5,7156.279785,1563.030029
4317,2018-04-17,2706.389893,15.25,2.814,66.519997,1347.199951,7281.100098000001,1579.800049
4318,2018-04-18,2708.639893,15.6,2.867,68.470001,1351.199951,7295.240234000001,1583.560059
4319,2018-04-19,2693.1298829999996,15.96,2.914,68.290001,1346.800049,7238.060059,1573.819946
4320,2018-04-20,2670.139893,16.879998999999998,2.951,68.379997,1336.699951,7146.129883,1564.119995
4321,2018-04-23,2670.290039,16.34,2.973,68.639999,1322.5,7128.600098000001,1562.119995
4322,2018-04-24,2634.560059,18.02,2.983,67.699997,1331.400024,7007.350098000001,1553.280029
4323,2018-04-25,2639.399902,17.84,3.024,68.050003,1321.199951,7003.740234000001,1550.469971
4324,2018-04-26,2666.939941,16.24,2.99,68.190002,1316.300049,7118.680176000001,1557.890015
4325,2018-04-27,2669.909912,15.41,2.957,68.099998,1320.300049,7119.799805,1556.23999
4326,2018-04-30,2648.050049,15.93,2.936,68.57,1316.199951,7066.27002,1541.880005
4327,2018-05-01,2654.800049,15.49,2.976,67.25,1303.800049,7130.700195,1550.329956
4328,2018-05-02,2635.669922,15.97,2.964,67.93,1302.599976,7100.899901999999,1554.910034
4329,2018-05-03,2629.72998,15.9,2.946,68.43,1310.699951,7088.149901999999,1546.560059
4330,2018-05-04,2663.419922,14.77,2.944,69.720001,1312.699951,7209.620117,1565.599976
4331,2018-05-07,2672.6298829999996,14.75,2.95,70.730003,1312.199951,7265.209961,1578.949951
4332,2018-05-08,2671.919922,14.71,2.969,69.059998,1312.0,7266.899901999999,1586.390015
4333,2018-05-09,2697.790039,13.42,3.004,71.139999,1311.300049,7339.910156,1596.050049
4334,2018-05-10,2723.070068,13.23,2.971,71.360001,1320.800049,7404.970215,1603.709961
4335,2018-05-11,2727.719971,12.65,2.971,70.699997,1319.0,7402.879883,1606.790039
4336,2018-05-14,2730.1298829999996,12.93,2.995,70.959999,1316.5,7411.319823999999,1600.339966
4337,2018-05-15,2711.449951,14.63,3.08,71.309998,1288.900024,7351.629883,1600.339966
4338,2018-05-16,2722.459961,13.42,3.095,71.489998,1290.199951,7398.299805,1616.369995
4339,2018-05-17,2720.1298829999996,13.43,3.109,71.489998,1288.199951,7382.470215,1625.290039
4340,2018-05-18,2712.969971,13.42,3.067,71.279999,1290.199951,7354.339844,1626.630005
4341,2018-05-21,2733.01001,13.08,3.065,72.239998,1290.199951,7394.040039,1637.439941
4342,2018-05-22,2724.439941,13.22,3.065,72.129997,1291.699951,7378.459961,1625.23999
4343,2018-05-23,2733.290039,12.58,3.003,71.839996,1289.300049,7425.959961,1627.609985
4344,2018-05-24,2727.76001,12.53,2.981,70.709999,1303.699951,7424.430176000001,1628.219971
4345,2018-05-25,2721.330078,13.22,2.931,67.879997,1303.300049,7433.850098000001,1626.930054
4346,2018-05-29,2689.860107,17.02,2.768,66.730003,1298.699951,7396.589844,1623.650024
4347,2018-05-30,2724.01001,14.94,2.842,68.209999,1301.5,7462.450195,1647.98999
4348,2018-05-31,2705.27002,15.43,2.822,67.040001,1300.099976,7442.120117,1633.609985
4349,2018-06-01,2734.6201170000004,13.46,2.895,65.809998,1294.800049,7554.330078,1647.97998
4350,2018-06-04,2746.8701170000004,12.74,2.937,64.75,1293.099976,7606.459961,1653.369995
4351,2018-06-05,2748.800049,12.4,2.919,65.519997,1297.5,7637.859863,1664.630005
4352,2018-06-06,2772.350098,11.64,2.975,64.730003,1297.099976,7689.240234000001,1675.949951
4353,2018-06-07,2770.3701170000004,12.13,2.933,65.949997,1298.699951,7635.069823999999,1667.77002
4354,2018-06-08,2779.030029,12.18,2.937,65.739998,1298.099976,7645.509765999999,1672.48999
4355,2018-06-11,2782.0,12.35,2.957,66.099998,1298.900024,7659.930176000001,1674.680054
4356,2018-06-12,2786.850098,12.34,2.957,66.360001,1295.099976,7703.790039,1682.300049
4357,2018-06-13,2775.6298829999996,12.94,2.977,66.639999,1296.900024,7695.700195,1676.540039
4358,2018-06-14,2782.48999,12.12,2.946,66.889999,1304.0,7761.040039,1684.719971
4359,2018-06-15,2779.659912,11.98,2.924,65.059998,1274.599976,7746.379883,1683.910034
4360,2018-06-18,2773.75,12.31,2.926,65.849998,1276.199951,7747.029785,1692.459961
4361,2018-06-19,2762.590088,13.35,2.893,65.07,1275.599976,7725.589844,1693.449951
4362,2018-06-20,2767.320068,12.79,2.928,66.220001,1271.199951,7781.509765999999,1706.9899899999998
4363,2018-06-21,2749.76001,14.64,2.897,65.540001,1267.199951,7712.950195,1688.949951
4364,2018-06-22,2754.8798829999996,13.77,2.9,68.58000200000001,1267.400024,7692.819823999999,1685.5799559999998
4365,2018-06-25,2717.070068,17.33,2.875,68.08000200000001,1265.599976,7532.009765999999,1657.51001
4366,2018-06-26,2723.060059,15.92,2.88,70.529999,1256.599976,7561.629883,1668.530029
4367,2018-06-27,2699.6298829999996,17.91,2.827,72.760002,1252.800049,7445.080078,1640.449951
4368,2018-06-28,2716.310059,16.85,2.847,73.449997,1247.800049,7503.680176000001,1645.02002
4369,2018-06-29,2718.3701170000004,16.09,2.849,74.150002,1251.300049,7510.299805,1643.069946
4370,2018-07-02,2726.709961,15.6,2.866,73.940002,1239.800049,7567.689941,1655.089966
4371,2018-07-03,2713.219971,16.139999,2.866,73.940002,1239.800049,7502.669922,1660.420044
4372,2018-07-05,2736.610107,14.97,2.84,72.940002,1257.300049,7586.430176000001,1679.47998
4373,2018-07-06,2759.820068,13.37,2.831,73.800003,1254.300049,7688.390137,1694.050049
4374,2018-07-09,2784.169922,12.69,2.86,73.849998,1258.099976,7756.200195,1704.5999760000002
4375,2018-07-10,2793.840088,12.64,2.873,74.110001,1253.800049,7759.200195,1695.619995
4376,2018-07-11,2774.02002,13.63,2.842,70.379997,1242.800049,7716.609863,1683.660034
4377,2018-07-12,2798.290039,12.58,2.853,70.33000200000001,1245.0,7823.919922,1690.280029
4378,2018-07-13,2801.310059,12.18,2.831,71.010002,1239.599976,7825.97998,1687.0799559999998
4379,2018-07-16,2798.429932,12.83,2.858,68.059998,1238.099976,7805.720215,1678.540039
4380,2018-07-17,2809.550049,12.06,2.864,68.08000200000001,1225.699951,7855.120117,1687.2600100000002
4381,2018-07-18,2815.6201170000004,12.1,2.875,68.760002,1226.300049,7854.439941,1691.869995
4382,2018-07-19,2804.48999,12.87,2.847,69.459999,1222.400024,7825.299805,1701.310059
4383,2018-07-20,2801.830078,12.86,2.895,70.459999,1229.5,7820.200195,1696.810059
4384,2018-07-23,2806.97998,12.62,2.965,67.889999,1224.0,7841.870117,1698.410034
4385,2018-07-24,2820.399902,12.41,2.949,68.519997,1223.900024,7840.77002,1680.199951
4386,2018-07-25,2846.070068,12.29,2.936,69.300003,1231.400024,7932.240234000001,1685.199951
4387,2018-07-26,2837.439941,12.14,2.975,69.610001,1225.300049,7852.180176000001,1695.359985
4388,2018-07-27,2818.820068,13.03,2.96,68.690002,1222.599976,7737.419922,1663.339966
4389,2018-07-30,2802.600098,14.26,2.975,70.129997,1221.300049,7630.0,1653.130005
4390,2018-07-31,2816.290039,12.83,2.964,68.760002,1223.699951,7671.790039,1670.800049
4391,2018-08-01,2813.360107,13.15,3.003,67.660004,1217.900024,7707.290039,1669.26001
4392,2018-08-02,2827.219971,12.19,2.986,68.959999,1210.599976,7802.689941,1682.0999760000002
4393,2018-08-03,2840.350098,11.64,2.953,68.489998,1214.199951,7812.009765999999,1673.369995
4394,2018-08-06,2850.399902,11.27,2.938,69.010002,1208.599976,7859.680176000001,1684.310059
4395,2018-08-07,2858.449951,10.93,2.973,69.16999799999999,1209.599976,7883.660156,1688.300049
4396,2018-08-08,2857.699951,10.85,2.971,66.940002,1212.599976,7888.330078,1686.880005
4397,2018-08-09,2853.580078,11.27,2.935,66.809998,1211.900024,7891.779785,1690.890015
4398,2018-08-10,2833.280029,13.16,2.857,67.629997,1211.099976,7839.109863,1686.800049
4399,2018-08-13,2821.929932,14.78,2.877,67.199997,1191.300049,7819.709961,1675.319946
4400,2018-08-14,2839.959961,13.31,2.895,67.040001,1193.0,7870.890137,1692.5799559999998
4401,2018-08-15,2818.3701170000004,14.64,2.852,65.010002,1177.5,7774.120117,1670.670044
4402,2018-08-16,2840.689941,13.45,2.871,65.459999,1176.199951,7806.52002,1685.75
4403,2018-08-17,2850.1298829999996,12.64,2.873,65.910004,1176.5,7816.330078,1692.949951
4404,2018-08-20,2857.050049,12.49,2.823,66.43,1186.800049,7821.009765999999,1698.689941
4405,2018-08-21,2862.959961,12.86,2.844,67.349998,1192.599976,7859.169922,1718.050049
4406,2018-08-22,2861.820068,12.25,2.823,67.860001,1196.300049,7889.100098000001,1722.540039
4407,2018-08-23,2856.97998,12.41,2.821,67.83000200000001,1187.0,7878.459961,1717.050049
4408,2018-08-24,2874.689941,11.99,2.826,68.720001,1206.300049,7945.97998,1725.6700440000002
4409,2018-08-27,2896.73999,12.16,2.848,68.870003,1209.0,8017.899901999999,1728.410034
4410,2018-08-28,2897.52002,12.5,2.884,68.529999,1207.400024,8030.040039,1728.4200440000002
4411,2018-08-29,2914.040039,12.25,2.884,69.510002,1204.5,8109.689941,1734.75
4412,2018-08-30,2901.1298829999996,13.53,2.86,70.25,1197.699951,8088.359863,1732.3499760000002
4413,2018-08-31,2901.52002,12.86,2.853,69.800003,1200.300049,8109.540039,1740.75
4414,2018-09-04,2896.719971,13.16,2.902,69.870003,1192.699951,8091.25,1733.380005
4415,2018-09-05,2888.600098,13.91,2.902,68.720001,1194.900024,7995.169922,1727.6500239999998
4416,2018-09-06,2878.050049,14.65,2.879,67.769997,1197.900024,7922.72998,1714.469971
4417,2018-09-07,2871.679932,14.88,2.942,67.75,1193.599976,7902.540039,1713.180054
4418,2018-09-10,2877.1298829999996,14.16,2.937,67.540001,1193.0,7924.160156,1717.469971
4419,2018-09-11,2887.889893,13.22,2.977,69.25,1195.400024,7972.470215,1718.4000239999998
4420,2018-09-12,2888.919922,13.14,2.963,70.370003,1204.699951,7954.22998,1715.699951
4421,2018-09-13,2904.179932,12.37,2.963,68.589996,1202.0,8013.709961,1714.319946
4422,2018-09-14,2904.97998,12.07,2.994,68.989998,1195.0,8010.040039,1721.719971
4423,2018-09-17,2888.800049,13.68,3.001,68.910004,1199.699951,7895.790039,1703.550049
4424,2018-09-18,2904.310059,12.79,3.048,69.849998,1196.800049,7956.109863,1710.969971
4425,2018-09-19,2907.949951,11.75,3.083,71.120003,1202.199951,7950.040039,1702.930054
4426,2018-09-20,2930.75,11.8,3.078,70.800003,1206.199951,8028.22998,1720.180054
4427,2018-09-21,2929.669922,11.68,3.068,70.779999,1196.199951,7986.959961,1712.319946
4428,2018-09-24,2919.3701170000004,12.2,3.078,72.08000200000001,1199.300049,7993.25,1705.319946
4429,2018-09-25,2915.560059,12.42,3.102,72.279999,1200.0,8007.470215,1708.810059
4430,2018-09-26,2905.969971,12.89,3.061,71.57,1194.0,7990.370117,1691.609985
4431,2018-09-27,2914.0,12.41,3.056,72.120003,1182.300049,8041.970215,1690.530029
4432,2018-09-28,2913.97998,12.12,3.056,73.25,1191.5,8046.350098000001,1696.569946
4433,2018-10-01,2924.590088,12.0,3.08,75.300003,1187.099976,8037.299805,1672.98999
4434,2018-10-02,2923.429932,12.05,3.056,75.230003,1202.400024,7999.549805,1656.040039
4435,2018-10-03,2925.51001,11.61,3.161,76.410004,1198.300049,8025.089844,1671.290039
4436,2018-10-04,2901.610107,14.22,3.197,74.33000200000001,1197.199951,7879.509765999999,1646.910034
4437,2018-10-05,2885.570068,14.82,3.225,74.339996,1201.199951,7788.450195,1632.109985
4438,2018-10-08,2884.429932,15.69,3.233,74.290001,1184.400024,7735.950195,1629.52002
4439,2018-10-09,2880.340088,15.95,3.208,74.959999,1187.199951,7738.02002,1621.869995
4440,2018-10-10,2785.679932,22.959999,3.225,73.16999799999999,1189.300049,7422.049805,1575.410034
4441,2018-10-11,2728.3701170000004,24.98,3.133,70.970001,1223.5,7329.060059,1545.380005
4442,2018-10-12,2767.1298829999996,21.309998999999998,3.141,71.339996,1218.099976,7496.890137,1546.680054
4443,2018-10-15,2750.790039,21.299999,3.163,71.779999,1226.400024,7430.740234000001,1553.089966
4444,2018-10-16,2809.919922,17.620001000000002,3.156,71.91999799999999,1227.300049,7645.490234000001,1596.839966
4445,2018-10-17,2809.209961,17.4,3.179,69.75,1223.699951,7642.700195,1589.599976
4446,2018-10-18,2768.780029,20.059998999999998,3.175,68.650002,1226.5,7485.140137,1560.75
4447,2018-10-19,2767.780029,19.889999,3.198,69.120003,1225.300049,7449.029785,1542.040039
4448,2018-10-22,2755.8798829999996,19.639999,3.196,69.16999799999999,1221.199951,7468.629883,1539.5
4449,2018-10-23,2740.689941,20.709999,3.166,66.43,1233.400024,7437.540039,1526.589966
4450,2018-10-24,2656.100098,25.23,3.124,66.82,1227.800049,7108.399901999999,1468.699951
4451,2018-10-25,2705.570068,24.219998999999998,3.136,67.33000200000001,1229.099976,7318.339844,1500.400024
4452,2018-10-26,2658.689941,24.16,3.077,67.589996,1232.5,7167.209961,1483.819946
4453,2018-10-29,2641.25,24.700001,3.087,67.040001,1224.5,7050.290039,1477.310059
4454,2018-10-30,2682.6298829999996,23.35,3.11,66.18,1222.599976,7161.649901999999,1506.640015
4455,2018-10-31,2711.73999,21.23,3.159,65.309998,1212.300049,7305.899901999999,1511.410034
4456,2018-11-01,2740.3701170000004,19.34,3.144,63.689999,1236.0,7434.060059,1544.97998
4457,2018-11-02,2723.060059,19.51,3.214,63.139998999999996,1230.900024,7356.990234000001,1547.97998
4458,2018-11-05,2738.310059,19.959999,3.201,63.099998,1229.800049,7328.850098000001,1547.51001
4459,2018-11-06,2755.449951,19.91,3.214,62.209998999999996,1223.800049,7375.959961,1556.099976
4460,2018-11-07,2813.889893,16.360001,3.213,61.669998,1226.199951,7570.75,1582.160034
4461,2018-11-08,2806.830078,16.719998999999998,3.234,60.669998,1222.900024,7530.879883,1578.209961
4462,2018-11-09,2781.01001,17.360001,3.189,60.189999,1206.400024,7406.899901999999,1549.48999
4463,2018-11-12,2726.219971,20.450001,3.186,59.93,1201.300049,7200.870117,1518.790039
4464,2018-11-13,2722.179932,20.02,3.145,55.689999,1199.199951,7200.870117,1514.800049
4465,2018-11-14,2701.580078,21.25,3.12,56.25,1207.900024,7136.390137,1502.51001
4466,2018-11-15,2730.199951,19.98,3.118,56.459998999999996,1212.800049,7259.029785,1524.119995
4467,2018-11-16,2736.27002,18.139999,3.074,56.459998999999996,1220.800049,7247.870117,1527.530029
4468,2018-11-19,2690.72998,20.1,3.057,56.759997999999996,1223.099976,7028.47998,1496.540039
4469,2018-11-20,2641.889893,22.48,3.048,53.43,1219.0,6908.819823999999,1469.01001
4470,2018-11-21,2649.929932,20.799999,3.061,54.630001,1225.800049,6972.25,1488.280029
4471,2018-11-23,2632.560059,21.52,3.061,54.630001,1225.800049,6938.97998,1488.680054
4472,2018-11-26,2673.449951,18.9,3.072,51.630001,1220.199951,7081.850098000001,1505.959961
4473,2018-11-27,2682.169922,19.02,3.055,51.560001,1211.199951,7082.700195,1492.859985
4474,2018-11-28,2743.790039,18.49,3.044,50.290001000000004,1221.400024,7291.589844,1530.380005
4475,2018-11-29,2737.800049,18.790001,3.035,51.450001,1224.099976,7273.080078,1525.390015
4476,2018-11-30,2760.169922,18.07,3.013,50.93,1220.199951,7330.540039,1533.27002
4477,2018-12-03,2790.3701170000004,16.440001000000002,2.992,52.950001,1233.900024,7441.509765999999,1548.959961
4478,2018-12-04,2700.060059,20.74,2.924,53.25,1241.099976,7158.430176000001,1480.75
4479,2018-12-06,2695.949951,21.190001000000002,2.876,51.490002000000004,1238.099976,7188.259765999999,1477.410034
4480,2018-12-07,2633.080078,23.23,2.85,52.610001000000004,1246.800049,6969.25,1448.089966
4481,2018-12-10,2637.719971,22.639999,2.856,51.0,1243.699951,7020.52002,1443.099976
4482,2018-12-11,2636.780029,21.76,2.879,51.650002,1241.900024,7031.830078,1440.130005
4483,2018-12-12,2651.070068,21.459999,2.906,51.150002,1244.400024,7098.310059,1455.319946
4484,2018-12-13,2650.540039,20.65,2.911,52.580002,1242.699951,7070.330078,1432.699951
4485,2018-12-14,2599.949951,21.629998999999998,2.891,51.200001,1237.0,6910.660156,1410.810059
4486,2018-12-17,2545.939941,24.52,2.857,49.880001,1247.400024,6753.72998,1378.140015
4487,2018-12-18,2546.159912,25.58,2.825,46.240002000000004,1249.199951,6783.910156,1377.180054
4488,2018-12-19,2506.959961,25.58,2.778,47.200001,1252.099976,6636.830078,1349.22998
4489,2018-12-20,2467.419922,28.379998999999998,2.789,45.880001,1263.599976,6528.410156,1326.0
4490,2018-12-21,2416.6201170000004,30.110001,2.792,45.59,1253.800049,6332.990234000001,1292.089966
4491,2018-12-24,2351.100098,36.07,2.792,45.59,1253.800049,6192.919922,1266.920044
4492,2018-12-26,2467.699951,30.41,2.797,46.220001,1269.199951,6554.359863000001,1329.810059
4493,2018-12-27,2488.830078,29.959999,2.743,44.610001000000004,1277.300049,6579.490234000001,1331.819946
4494,2018-12-28,2485.73999,28.34,2.736,45.330002,1279.900024,6584.52002,1337.920044
4495,2018-12-31,2506.850098,25.42,2.686,45.41,1278.300049,6635.279785,1348.560059
4496,2019-01-02,2510.030029,23.219998999999998,2.661,46.540001000000004,1281.0,6665.939941,1355.910034
4497,2019-01-03,2447.889893,25.450001,2.554,47.09,1291.800049,6463.5,1330.829956
4498,2019-01-04,2531.939941,21.379998999999998,2.659,47.959998999999996,1282.699951,6738.859863,1380.75
4499,2019-01-07,2549.689941,21.4,2.682,48.52,1286.800049,6823.470215,1405.369995
4500,2019-01-08,2574.409912,20.469998999999998,2.716,49.779999,1283.199951,6897.0,1426.550049
4501,2019-01-09,2584.959961,19.98,2.728,52.360001000000004,1289.300049,6957.080078,1438.810059
4502,2019-01-10,2596.639893,19.5,2.731,52.59,1284.699951,6986.069823999999,1445.430054
4503,2019-01-11,2596.26001,18.190001000000002,2.701,51.59,1287.099976,6971.47998,1447.380005
4504,2019-01-14,2582.610107,19.07,2.71,50.509997999999996,1289.099976,6905.919922,1432.810059
4505,2019-01-15,2610.300049,18.6,2.711,52.110001000000004,1286.199951,7023.830078,1445.219971
4506,2019-01-16,2616.100098,19.040001,2.731,52.310001,1291.599976,7034.689941,1454.699951
4507,2019-01-17,2635.959961,18.059998999999998,2.749,52.07,1291.0,7084.459961,1467.25
4508,2019-01-18,2670.709961,17.799999,2.784,53.799999,1281.300049,7157.22998,1482.5
4509,2019-01-22,2632.899902,20.799999,2.73,52.57,1282.5,7020.359863,1457.449951
4510,2019-01-23,2638.699951,19.52,2.755,52.619999,1283.099976,7025.77002,1454.26001
4511,2019-01-24,2642.330078,18.889999,2.712,53.130001,1279.099976,7073.459961,1464.410034
4512,2019-01-25,2664.76001,17.42,2.753,53.689999,1297.400024,7164.859863,1482.849976
4513,2019-01-28,2643.850098,18.870001000000002,2.744,51.990002000000004,1302.400024,7085.680176000001,1473.540039
4514,2019-01-29,2640.0,19.129998999999998,2.712,53.310001,1308.199951,7028.290039,1471.449951
4515,2019-01-30,2681.050049,17.66,2.695,54.23,1309.900024,7183.080078,1486.939941
4516,2019-01-31,2704.100098,16.57,2.635,53.790001000000004,1319.699951,7281.740234000001,1499.420044
4517,2019-02-01,2706.530029,16.139999,2.691,55.259997999999996,1316.900024,7263.870117,1502.050049
4518,2019-02-04,2724.8701170000004,15.73,2.724,54.560001,1314.300049,7347.540039,1517.540039
4519,2019-02-05,2737.699951,15.57,2.702,53.66,1314.199951,7402.080078,1520.22998
4520,2019-02-06,2731.610107,15.38,2.702,54.009997999999996,1309.5,7375.279785,1518.02002
4521,2019-02-07,2706.050049,16.370001000000002,2.652,52.639998999999996,1309.400024,7288.350098000001,1505.630005
4522,2019-02-08,2707.8798829999996,15.72,2.632,52.720001,1313.699951,7298.200195,1506.390015
4523,2019-02-11,2709.800049,15.97,2.661,52.41,1307.0,7307.899901999999,1518.97998
4524,2019-02-12,2744.72998,15.43,2.684,53.099998,1309.199951,7414.620117,1538.22998
4525,2019-02-13,2753.030029,15.65,2.708,53.900002,1310.800049,7420.379883,1542.939941
4526,2019-02-14,2745.72998,16.219998999999998,2.657,54.41,1309.800049,7426.950195,1545.109985
4527,2019-02-15,2775.600098,14.91,2.666,55.59,1318.099976,7472.410156,1569.25
4528,2019-02-19,2779.76001,14.88,2.647,56.09,1340.099976,7486.77002,1574.469971
4529,2019-02-20,2784.699951,14.02,2.654,56.919998,1343.300049,7489.069823999999,1581.660034
4530,2019-02-21,2774.8798829999996,14.46,2.688,56.959998999999996,1323.5,7459.709961,1575.550049
4531,2019-02-22,2792.669922,13.51,2.655,57.259997999999996,1329.199951,7527.540039,1590.060059
4532,2019-02-25,2796.110107,14.85,2.673,55.48,1325.900024,7554.459961,1588.810059
4533,2019-02-26,2793.899902,15.17,2.636,55.5,1325.099976,7549.299805,1577.47998
4534,2019-02-27,2792.3798829999996,14.7,2.693,56.939999,1317.699951,7554.509765999999,1581.050049
4535,2019-02-28,2784.48999,14.78,2.711,57.220001,1312.800049,7532.529785,1575.550049
4536,2019-03-01,2803.689941,13.57,2.755,55.799999,1296.400024,7595.350098000001,1589.640015
4537,2019-03-04,2792.810059,14.63,2.722,56.59,1284.800049,7577.569823999999,1575.439941
4538,2019-03-05,2789.649902,14.74,2.722,56.560001,1282.0,7576.359863,1568.280029
4539,2019-03-06,2771.449951,15.74,2.692,56.220001,1284.900024,7505.919922,1536.819946
4540,2019-03-07,2748.929932,16.59,2.636,56.66,1283.800049,7421.459961,1523.630005
4541,2019-03-08,2743.070068,16.049999,2.625,56.07,1297.0,7408.140137,1521.880005
4542,2019-03-11,2783.300049,14.33,2.643,56.790001000000004,1288.800049,7558.060059,1548.880005
4543,2019-03-12,2791.52002,13.77,2.605,56.869999,1296.300049,7591.029785,1549.829956
4544,2019-03-13,2810.919922,13.41,2.611,58.259997999999996,1307.5,7643.410156,1555.880005
4545,2019-03-14,2808.47998,13.5,2.63,58.610001000000004,1293.400024,7630.910156,1549.640015
4546,2019-03-15,2822.47998,12.88,2.593,58.52,1301.800049,7688.529785,1553.540039
4547,2019-03-18,2832.939941,13.1,2.602,59.09,1300.300049,7714.47998,1563.930054
4548,2019-03-19,2832.570068,13.56,2.614,59.029999,1305.0,7723.950195,1554.98999
4549,2019-03-20,2824.22998,13.91,2.535,59.830002,1300.5,7728.970215,1543.160034
4550,2019-03-21,2854.8798829999996,13.63,2.537,59.98,1306.099976,7838.959961,1562.410034
4551,2019-03-22,2800.709961,16.48,2.455,59.040001000000004,1311.599976,7642.669922,1505.920044
4552,2019-03-25,2798.360107,16.33,2.42,58.82,1321.900024,7637.540039,1512.859985
4553,2019-03-26,2818.459961,14.68,2.414,59.939999,1314.300049,7691.52002,1528.170044
4554,2019-03-27,2805.3701170000004,15.15,2.374,59.41,1309.900024,7643.379883,1522.22998
4555,2019-03-28,2815.439941,14.43,2.389,59.299999,1289.800049,7669.169922,1535.099976
4556,2019-03-29,2834.399902,13.71,2.414,60.139998999999996,1293.0,7729.319823999999,1539.73999
4557,2019-04-01,2867.189941,13.4,2.497,61.59,1288.400024,7828.910156,1556.060059
4558,2019-04-02,2867.23999,13.36,2.481,62.580002,1290.0,7848.689941,1553.319946
4559,2019-04-03,2873.399902,13.74,2.517,62.459998999999996,1289.900024,7895.549805,1560.910034
4560,2019-04-04,2879.389893,13.58,2.512,62.099998,1289.0,7891.779785,1567.48999
4561,2019-04-05,2892.73999,12.82,2.501,63.080002,1290.400024,7938.689941,1582.560059
4562,2019-04-08,2895.77002,13.18,2.519,64.400002,1297.099976,7953.879883,1579.0
4563,2019-04-09,2878.199951,14.28,2.499,63.98,1303.5,7909.279785,1559.680054
4564,2019-04-10,2888.209961,13.3,2.477,64.610001,1309.099976,7964.240234000001,1581.550049
4565,2019-04-11,2888.320068,13.02,2.504,63.580002,1288.599976,7947.359863,1579.140015
4566,2019-04-12,2907.409912,12.01,2.56,63.889998999999996,1290.599976,7984.160156,1584.800049
4567,2019-04-15,2905.580078,12.32,2.553,63.400002,1286.800049,7976.009765999999,1579.170044
4568,2019-04-16,2907.060059,12.18,2.592,64.050003,1272.599976,8000.22998,1582.790039
4569,2019-04-17,2900.449951,12.6,2.592,63.759997999999996,1272.199951,7996.080078,1567.599976
4570,2019-04-18,2905.030029,12.09,2.56,64.0,1271.900024,7998.060059,1565.75
4571,2019-04-22,2907.969971,12.42,2.59,65.699997,1273.5,8015.27002,1560.040039
4572,2019-04-23,2933.679932,12.28,2.57,66.300003,1269.300049,8120.819823999999,1585.089966
4573,2019-04-24,2927.25,13.14,2.522,65.889999,1275.5,8102.009765999999,1588.130005
4574,2019-04-25,2926.169922,13.25,2.534,65.209999,1275.800049,8118.680176000001,1575.609985
4575,2019-04-26,2939.8798829999996,12.73,2.505,63.299999,1284.900024,8146.399901999999,1589.900024
4576,2019-04-29,2943.030029,13.11,2.536,63.5,1278.599976,8161.850098000001,1598.359985
4577,2019-04-30,2945.830078,13.12,2.509,63.91,1282.800049,8095.390137,1591.209961
4578,2019-05-01,2923.72998,14.8,2.511,63.599998,1281.400024,8049.640137,1576.380005
4579,2019-05-02,2917.52002,14.42,2.552,61.810001,1269.699951,8036.77002,1582.650024
4580,2019-05-03,2945.639893,12.87,2.531,61.939999,1279.199951,8164.0,1614.02002
4581,2019-05-06,2932.469971,15.44,2.5,62.25,1281.699951,8123.290039,1614.97998
4582,2019-05-07,2884.050049,19.32,2.448,61.400002,1283.5,7963.759765999999,1582.310059
4583,2019-05-08,2879.419922,19.4,2.482,62.119999,1279.400024,7943.319823999999,1574.969971
4584,2019-05-09,2870.719971,19.1,2.457,61.700001,1283.5,7910.589844,1570.060059
4585,2019-05-10,2881.399902,16.040001,2.455,61.66,1285.699951,7916.939941,1572.98999
4586,2019-05-13,2811.8701170000004,20.549999,2.405,61.040001000000004,1300.099976,7647.02002,1523.0
4587,2019-05-14,2834.409912,18.059998999999998,2.419,61.779999,1294.699951,7734.490234000001,1543.060059
4588,2019-05-15,2850.959961,16.440001000000002,2.379,62.02,1296.300049,7822.149901999999,1548.27002
4589,2019-05-16,2876.320068,15.29,2.405,62.869999,1285.0,7898.049805,1557.23999
4590,2019-05-17,2859.530029,15.96,2.393,62.759997999999996,1274.5,7816.279785,1535.76001
4591,2019-05-20,2840.22998,16.309998999999998,2.416,63.099998,1276.099976,7702.379883,1524.959961
4592,2019-05-21,2864.360107,14.95,2.426,62.990002000000004,1272.0,7785.720215,1545.25
4593,2019-05-22,2856.27002,14.75,2.393,61.419998,1273.599976,7750.839844,1531.630005
4594,2019-05-23,2822.23999,16.92,2.296,57.91,1284.800049,7628.279785,1501.380005
4595,2019-05-24,2826.060059,15.85,2.324,58.630001,1283.0,7637.009765999999,1514.109985
4596,2019-05-28,2802.389893,17.5,2.268,59.139998999999996,1276.5,7607.350098000001,1504.02002
4597,2019-05-29,2783.02002,17.9,2.236,58.810001,1280.599976,7547.310059,1489.949951
4598,2019-05-30,2788.860107,17.299999,2.227,56.59,1287.099976,7567.720215,1485.530029
4599,2019-05-31,2752.060059,18.709999,2.142,53.5,1305.800049,7453.149901999999,1465.48999
4600,2019-06-03,2744.449951,18.860001,2.081,53.25,1322.699951,7333.02002,1469.97998
4601,2019-06-04,2803.27002,16.969998999999998,2.119,53.48,1323.400024,7527.120117,1508.560059
4602,2019-06-05,2826.149902,16.09,2.123,51.68,1328.300049,7575.47998,1506.790039
4603,2019-06-06,2843.48999,15.93,2.124,52.59,1337.599976,7615.549805,1499.290039
4604,2019-06-07,2873.340088,16.299999,2.084,53.990002000000004,1341.199951,7742.100098000001,1514.390015
4605,2019-06-10,2886.72998,15.94,2.143,53.259997999999996,1324.699951,7823.169922,1523.560059
4606,2019-06-11,2885.719971,15.99,2.14,53.27,1326.400024,7822.569823999999,1519.109985
4607,2019-06-12,2879.840088,15.91,2.127,51.139998999999996,1331.900024,7792.720215,1519.790039
4608,2019-06-13,2891.639893,15.82,2.091,52.279999,1339.199951,7837.129883,1535.800049
4609,2019-06-14,2886.97998,15.28,2.093,52.509997999999996,1340.099976,7796.660156,1522.5
4610,2019-06-17,2889.669922,15.35,2.086,51.93,1338.699951,7845.02002,1532.75
4611,2019-06-18,2917.75,15.15,2.06,53.900002,1346.599976,7953.879883,1550.22998
4612,2019-06-19,2926.459961,14.33,2.029,53.759997999999996,1344.599976,7987.319823999999,1555.579956
4613,2019-06-20,2954.179932,14.75,2.001,56.650002,1392.900024,8051.339844,1563.48999
4614,2019-06-21,2950.459961,15.4,2.068,57.43,1396.199951,8031.709961,1549.630005
4615,2019-06-24,2945.350098,15.26,2.021,57.900002,1414.300049,8005.700195,1530.079956
4616,2019-06-25,2917.3798829999996,16.280001000000002,1.994,57.830002,1414.900024,7884.720215,1521.040039
4617,2019-06-26,2913.780029,16.209999,2.049,59.380001,1411.599976,7909.970215,1521.890015
4618,2019-06-27,2924.919922,15.82,2.005,59.43,1408.400024,7967.759765999999,1546.550049
4619,2019-06-28,2941.76001,15.08,2.0,58.470001,1409.699951,8006.240234000001,1566.569946
4620,2019-07-01,2964.330078,14.06,2.034,59.09,1385.599976,8091.160156,1566.569946
4621,2019-07-02,2973.01001,12.93,1.976,56.25,1404.599976,8109.089844,1560.540039
4622,2019-07-03,2995.820068,12.57,1.976,56.25,1404.599976,8170.22998,1572.119995
4623,2019-07-05,2990.409912,13.28,2.048,57.509997999999996,1396.699951,8161.790039,1575.619995
4624,2019-07-08,2975.949951,13.96,2.034,57.66,1397.0,8098.379883,1561.390015
4625,2019-07-09,2979.6298829999996,14.09,2.054,57.830002,1397.5,8141.72998,1562.589966
4626,2019-07-10,2993.070068,13.03,2.061,60.43,1410.099976,8202.530273,1565.050049
4627,2019-07-11,2999.909912,12.93,2.12,60.200001,1404.300049,8196.040039,1557.920044
4628,2019-07-12,3013.77002,12.39,2.106,60.209998999999996,1409.900024,8244.139648,1570.0
4629,2019-07-15,3014.300049,12.68,2.092,59.580002,1411.400024,8258.19043,1561.819946
4630,2019-07-16,3004.040039,12.86,2.122,57.619999,1409.199951,8222.799805,1562.0
4631,2019-07-17,2984.419922,13.97,2.061,56.779999,1421.300049,8185.209961,1550.780029
4632,2019-07-18,2995.110107,13.53,2.038,55.299999,1426.099976,8207.240234,1555.619995
4633,2019-07-19,2976.610107,14.45,2.048,55.630001,1425.099976,8146.490234000001,1547.900024
4634,2019-07-22,2985.030029,13.53,2.043,56.220001,1425.300049,8204.139648,1544.780029
4635,2019-07-23,3005.469971,12.61,2.074,56.77,1420.099976,8251.400391,1554.959961
4636,2019-07-24,3019.560059,12.07,2.05,55.880001,1422.800049,8321.5,1580.420044
4637,2019-07-25,3003.669922,12.74,2.074,56.02,1413.900024,8238.540039,1561.449951
4638,2019-07-26,3025.860107,12.16,2.081,56.200001,1418.5,8330.209961,1578.969971
4639,2019-07-29,3020.969971,12.83,2.055,56.869999,1419.599976,8293.330078,1569.030029
4640,2019-07-30,3013.179932,13.94,2.061,58.049999,1429.699951,8273.610352,1585.599976
4641,2019-07-31,2980.3798829999996,16.120001000000002,2.021,58.580002,1426.099976,8175.419922,1574.609985
4642,2019-08-01,2953.560059,17.870001000000002,1.894,53.950001,1420.900024,8111.120117,1550.76001
4643,2019-08-02,2932.050049,17.610001,1.855,55.66,1445.599976,8004.069823999999,1533.660034
4644,2019-08-05,2844.73999,24.59,1.735,54.689999,1464.599976,7726.040039,1487.410034
4645,2019-08-06,2881.77002,20.17,1.739,53.630001,1472.400024,7833.27002,1502.089966
4646,2019-08-07,2883.97998,19.49,1.684,51.09,1507.300049,7862.830078,1500.689941
4647,2019-08-08,2938.090088,16.91,1.716,52.540001000000004,1497.699951,8039.160156,1532.130005
4648,2019-08-09,2918.649902,17.969998999999998,1.734,54.5,1496.599976,7959.140137,1513.040039
4649,2019-08-12,2882.699951,21.09,1.639,54.93,1505.300049,7863.410156,1495.900024
4650,2019-08-13,2926.320068,17.52,1.68,57.099998,1502.199951,8016.359863,1510.579956
4651,2019-08-14,2840.600098,22.1,1.581,55.23,1515.900024,7773.939941,1467.52002
4652,2019-08-15,2847.600098,21.18,1.529,54.470001,1519.599976,7766.620117,1461.650024
4653,2019-08-16,2888.679932,18.469998999999998,1.539,54.869999,1512.5,7895.990234000001,1493.640015
4654,2019-08-19,2923.649902,16.879998999999998,1.598,56.209998999999996,1500.400024,8002.810059,1508.849976
4655,2019-08-20,2900.51001,17.5,1.561,56.34,1504.599976,7948.560059,1498.01001
4656,2019-08-21,2924.429932,15.8,1.577,55.68,1504.599976,8020.209961,1509.849976
4657,2019-08-22,2922.949951,16.68,1.61,55.349998,1497.300049,7991.390137,1506.0
4658,2019-08-23,2847.110107,19.870001000000002,1.528,54.169998,1526.599976,7751.77002,1459.48999
4659,2019-08-26,2878.3798829999996,19.32,1.545,53.639998999999996,1526.300049,7853.740234000001,1476.0
4660,2019-08-27,2869.159912,20.309998999999998,1.49,54.93,1541.0,7826.950195,1456.040039
4661,2019-08-28,2887.939941,19.35,1.466,55.779999,1537.800049,7856.879883,1472.709961
4662,2019-08-29,2924.580078,17.879998999999998,1.516,56.709998999999996,1526.5,7973.390137,1496.719971
4663,2019-08-30,2926.459961,18.98,1.506,55.099998,1519.099976,7962.879883,1494.839966
4664,2019-09-03,2906.27002,19.66,1.466,53.939999,1545.900024,7874.160156,1472.280029
4665,2019-09-04,2937.780029,17.33,1.459,56.259997999999996,1550.300049,7976.879883,1484.76001
4666,2019-09-05,2976.0,16.27,1.565,56.299999,1515.400024,8116.830078,1510.75
4667,2019-09-06,2978.709961,15.0,1.55,56.52,1506.199951,8103.069823999999,1505.170044
4668,2019-09-09,2978.429932,15.27,1.622,57.849998,1502.199951,8087.439941,1524.22998
4669,2019-09-10,2979.389893,15.2,1.702,57.400002,1490.300049,8084.160156,1541.609985
4670,2019-09-11,3000.929932,14.61,1.733,55.75,1494.400024,8169.680176000001,1575.709961
4671,2019-09-12,3009.570068,14.22,1.791,55.09,1498.699951,8194.469727,1575.069946
4672,2019-09-13,3007.389893,13.74,1.903,54.849998,1490.900024,8176.709961,1578.140015
4673,2019-09-16,2997.959961,14.67,1.841,62.900002,1503.099976,8153.540039,1584.599976
4674,2019-09-17,3005.699951,14.44,1.812,59.34,1505.099976,8186.02002,1578.290039
4675,2019-09-18,3006.72998,13.95,1.786,58.110001000000004,1507.5,8177.390137,1568.339966
4676,2019-09-19,3006.790039,14.05,1.774,58.130001,1498.400024,8182.879883,1561.469971
4677,2019-09-20,2992.070068,15.32,1.755,58.09,1507.300049,8117.669922,1559.76001
4678,2019-09-23,2991.780029,14.91,1.708,58.639998999999996,1523.699951,8112.459961,1558.25
4679,2019-09-24,2966.600098,17.049999,1.635,57.290001000000004,1532.099976,7993.629883,1533.589966
4680,2019-09-25,2984.8701170000004,15.96,1.732,56.490002000000004,1504.599976,8077.379883,1550.650024
4681,2019-09-26,2977.6201170000004,16.07,1.685,56.41,1507.5,8030.660156,1533.329956
4682,2019-09-27,2961.790039,17.219998999999998,1.675,55.91,1499.099976,7939.629883,1520.47998
4683,2019-09-30,2976.73999,16.24,1.675,54.07,1465.699951,7999.339844,1523.369995
4684,2019-10-01,2940.25,18.559998999999998,1.644,53.619999,1482.0,7908.680176000001,1493.430054
4685,2019-10-02,2887.610107,20.559998999999998,1.596,52.639998999999996,1501.0,7785.25,1479.630005
4686,2019-10-03,2910.6298829999996,19.120001000000002,1.536,52.450001,1507.099976,7872.259765999999,1486.349976
4687,2019-10-04,2952.01001,17.040001,1.515,52.810001,1506.199951,7982.470215,1500.699951
4688,2019-10-07,2938.790039,17.860001,1.553,52.75,1497.699951,7956.290039,1497.790039
4689,2019-10-08,2893.060059,20.280001000000002,1.537,52.630001,1497.199951,7823.779785,1472.599976
4690,2019-10-09,2919.399902,18.639999,1.589,52.59,1506.099976,7903.740234000001,1479.459961
4691,2019-10-10,2938.1298829999996,17.57,1.658,53.549999,1494.800049,7950.779785,1485.359985
4692,2019-10-11,2970.27002,15.58,1.752,54.700001,1482.699951,8057.040039,1511.900024
4693,2019-10-14,2966.149902,14.57,1.733,53.59,1491.699951,8048.649901999999,1505.430054
4694,2019-10-15,2995.679932,13.54,1.771,52.810001,1477.599976,8148.709961,1523.300049
4695,2019-10-16,2989.689941,13.68,1.748,53.360001000000004,1488.0,8124.180176000001,1525.060059
4696,2019-10-17,2997.949951,13.79,1.757,53.93,1492.300049,8156.850098000001,1541.839966
4697,2019-10-18,2986.199951,14.25,1.747,53.779999,1488.199951,8089.540039,1535.47998
4698,2019-10-21,3006.719971,14.0,1.792,53.310001,1482.400024,8162.990234000001,1552.410034
4699,2019-10-22,2995.98999,14.46,1.768,54.16,1481.699951,8104.299805,1550.869995
4700,2019-10-23,3004.52002,14.01,1.759,55.970001,1489.900024,8119.790039,1552.859985
4701,2019-10-24,3010.290039,13.71,1.766,56.23,1498.900024,8185.799805,1548.48999
4702,2019-10-25,3022.550049,12.65,1.801,56.66,1499.5,8243.120117,1558.709961
4703,2019-10-28,3039.419922,13.11,1.853,55.810001,1490.0,8325.990234,1571.930054
4704,2019-10-29,3036.889893,13.2,1.835,55.540001000000004,1487.0,8276.849609,1577.069946
4705,2019-10-30,3046.77002,12.33,1.798,55.060001,1493.199951,8303.980469,1572.849976
4706,2019-10-31,3037.560059,13.22,1.691,54.18,1511.400024,8292.360352,1562.449951
4707,2019-11-01,3066.909912,12.3,1.728,56.200001,1508.0,8386.400391,1589.329956
4708,2019-11-04,3078.27002,12.83,1.786,56.540001000000004,1508.0,8433.200195,1597.400024
4709,2019-11-05,3074.6201170000004,13.1,1.866,57.23,1480.800049,8434.679688,1599.609985
4710,2019-11-06,3076.780029,12.62,1.814,56.349998,1490.199951,8410.629883,1589.540039
4711,2019-11-07,3085.179932,12.73,1.926,57.150002,1464.199951,8434.519531,1593.98999
4712,2019-11-08,3093.080078,12.07,1.933,57.240002000000004,1461.300049,8475.30957,1598.859985
4713,2019-11-11,3087.01001,12.69,1.943,56.860001000000004,1455.5,8464.280273,1594.77002
4714,2019-11-12,3091.840088,12.68,1.909,56.799999,1452.099976,8486.089844,1595.119995
4715,2019-11-13,3094.040039,13.0,1.87,57.119999,1461.699951,8482.099609,1589.180054
4716,2019-11-14,3096.6298829999996,13.05,1.815,56.77,1471.800049,8479.019531,1588.790039
4717,2019-11-15,3120.459961,12.05,1.834,57.720001,1467.300049,8540.830078,1596.449951
4718,2019-11-18,3122.030029,12.46,1.808,57.049999,1470.900024,8549.94043,1592.339966
4719,2019-11-19,3120.179932,12.86,1.786,55.209998999999996,1473.300049,8570.660156,1598.290039
4720,2019-11-20,3108.459961,12.78,1.738,57.110001000000004,1473.300049,8526.730469,1591.609985
4721,2019-11-21,3103.540039,13.13,1.772,58.580002,1463.099976,8506.209961,1583.959961
4722,2019-11-22,3110.290039,12.34,1.774,57.77,1463.099976,8519.879883,1588.939941
4723,2019-11-25,3133.639893,11.87,1.764,58.009997999999996,1456.599976,8632.490234,1621.900024
4724,2019-11-26,3140.52002,11.54,1.74,58.41,1459.800049,8647.929688,1624.22998
4725,2019-11-27,3153.6298829999996,11.75,1.767,58.110001000000004,1453.400024,8705.179688,1634.099976
4726,2019-11-29,3140.97998,12.62,1.767,58.110001000000004,1453.400024,8665.469727,1624.5
4727,2019-12-02,3113.8701170000004,14.91,1.836,55.959998999999996,1462.300049,8567.990234,1607.579956
4728,2019-12-03,3093.199951,15.96,1.709,56.099998,1478.199951,8520.639648,1602.630005
4729,2019-12-04,3112.76001,14.8,1.781,58.43,1474.0,8566.669922,1613.900024
4730,2019-12-05,3117.429932,14.52,1.797,58.43,1476.900024,8570.700195,1614.829956
4731,2019-12-06,3145.909912,13.62,1.842,59.200001,1459.099976,8656.530273,1633.839966
4732,2019-12-09,3135.959961,15.86,1.829,59.02,1459.300049,8621.830078,1629.619995
4733,2019-12-10,3132.52002,15.68,1.833,59.240002000000004,1462.599976,8616.179688,1631.709961
4734,2019-12-11,3141.6298829999996,14.99,1.79,58.759997999999996,1469.400024,8654.049805,1631.930054
4735,2019-12-12,3168.570068,13.94,1.897,59.18,1466.699951,8717.320313,1644.810059
4736,2019-12-13,3168.800049,12.63,1.819,60.07,1475.599976,8734.879883,1637.97998
4737,2019-12-16,3191.449951,12.14,1.892,60.209998999999996,1475.0,8814.230469,1649.939941
4738,2019-12-17,3192.52002,12.29,1.889,60.939999,1474.599976,8823.360352,1657.560059
4739,2019-12-18,3191.139893,12.58,1.924,60.93,1472.599976,8827.740234,1661.72998
4740,2019-12-19,3205.3701170000004,12.5,1.908,61.220001,1478.199951,8887.219727,1667.089966
4741,2019-12-20,3221.219971,12.51,1.917,60.439999,1474.699951,8924.959961,1671.900024
4742,2019-12-23,3224.01001,12.61,1.935,60.52,1482.5,8945.650391,1674.140015
4743,2019-12-24,3223.3798829999996,12.67,1.935,60.52,1482.5,8952.879883,1678.0100100000002
4744,2019-12-26,3239.909912,12.65,1.905,61.68,1509.300049,9022.389648,1677.670044
4745,2019-12-27,3240.02002,13.43,1.874,61.720001,1513.800049,9006.620117,1669.030029
4746,2019-12-30,3221.290039,14.82,1.895,61.68,1514.5,8945.990234,1664.150024
4747,2019-12-31,3230.780029,13.78,1.919,61.060001,1519.5,8972.599609,1668.469971
4748,2020-01-02,3257.850098,12.47,1.882,61.18,1524.5,9092.19043,1666.77002
4749,2020-01-03,3234.850098,14.02,1.788,63.049999,1549.199951,9020.769531,1660.869995
4750,2020-01-06,3246.280029,13.85,1.811,63.27,1566.199951,9071.469727,1663.26001
4751,2020-01-07,3237.179932,13.79,1.827,62.700001,1571.800049,9068.580078,1658.310059
4752,2020-01-08,3253.050049,13.45,1.874,59.610001000000004,1557.400024,9129.240234,1663.589966
4753,2020-01-09,3274.699951,12.54,1.858,59.560001,1551.699951,9203.429688,1664.98999
4754,2020-01-10,3265.350098,12.56,1.825,59.040001000000004,1557.5,9178.860352,1657.640015
4755,2020-01-13,3288.1298829999996,12.32,1.848,58.080002,1548.400024,9273.929688,1669.609985
4756,2020-01-14,3283.149902,12.39,1.818,58.23,1542.400024,9251.330078,1675.73999
4757,2020-01-15,3289.290039,12.42,1.788,57.810001,1552.099976,9258.700195,1682.4000239999998
4758,2020-01-16,3316.810059,12.32,1.809,58.52,1549.0,9357.129883,1705.219971
4759,2020-01-17,3329.6201170000004,12.1,1.836,58.540001000000004,1558.800049,9388.94043,1699.640015
4760,2020-01-21,3320.790039,12.85,1.769,58.34,1556.400024,9370.80957,1685.9000239999998
4761,2020-01-22,3321.75,12.91,1.769,56.740002000000004,1555.300049,9383.769531,1684.459961
4762,2020-01-23,3325.540039,12.98,1.74,55.59,1564.599976,9402.480469,1685.0100100000002
4763,2020-01-24,3295.469971,14.56,1.681,54.189999,1571.099976,9314.910156,1662.22998
4764,2020-01-27,3243.6298829999996,18.23,1.605,53.139998999999996,1576.800049,9139.30957,1644.140015
4765,2020-01-28,3276.23999,16.280001000000002,1.641,53.48,1569.199951,9269.679688,1658.310059
4766,2020-01-29,3273.399902,16.389999,1.594,53.330002,1569.800049,9275.160156,1649.219971
4767,2020-01-30,3283.659912,15.49,1.558,52.139998999999996,1583.5,9298.929688,1648.219971
4768,2020-01-31,3225.52002,18.84,1.52,51.560001,1582.900024,9150.94043,1614.060059
4769,2020-02-03,3248.919922,17.969998999999998,1.52,50.110001000000004,1577.199951,9273.400391,1632.209961
4770,2020-02-04,3297.590088,16.049999,1.603,49.610001000000004,1550.400024,9467.969727,1656.77002
4771,2020-02-05,3334.689941,15.15,1.649,50.75,1557.800049,9508.679688,1681.9200440000002
4772,2020-02-06,3345.780029,14.96,1.644,50.950001,1565.099976,9572.150391,1677.459961
4773,2020-02-07,3327.709961,15.47,1.578,50.32,1568.599976,9520.509766,1656.780029
4774,2020-02-10,3352.090088,15.04,1.547,49.57,1574.699951,9628.389648,1667.670044
4775,2020-02-11,3357.75,15.18,1.59,49.939999,1565.599976,9638.94043,1677.51001
4776,2020-02-12,3379.4499509999996,13.74,1.63,51.169998,1567.400024,9725.959961,1689.380005
4777,2020-02-13,3373.9399409999996,14.15,1.617,51.419998,1575.099976,9711.969727,1693.7399899999998
4778,2020-02-14,3380.1599119999996,13.68,1.588,52.049999,1582.699951,9731.179688,1687.5799559999998
4779,2020-02-18,3370.290039,14.83,1.556,52.049999,1600.0,9732.740234,1683.52002
4780,2020-02-19,3386.149902,14.38,1.57,53.290001000000004,1607.5,9817.179688,1692.569946
4781,2020-02-20,3373.2299799999996,15.56,1.525,53.779999,1616.599976,9750.969727,1696.069946
4782,2020-02-21,3337.75,17.08,1.471,53.380001,1644.599976,9576.589844,1678.609985
4783,2020-02-24,3225.889893,25.030001000000002,1.377,51.43,1672.400024,9221.280273,1628.099976
4784,2020-02-25,3128.209961,27.85,1.33,49.900002,1646.900024,8965.610352,1571.900024
4785,2020-02-26,3116.389893,27.559998999999998,1.31,48.73,1640.0,8980.780273,1552.76001
4786,2020-02-27,2978.76001,39.16,1.299,47.09,1640.0,8566.480469,1497.869995
4787,2020-02-28,2954.219971,40.110001000000004,1.127,44.759997999999996,1564.099976,8567.370117,1476.430054
4788,2020-03-02,3090.22998,33.419998,1.088,46.75,1592.300049,8952.169922,1518.48999
4789,2020-03-03,3003.3701170000004,36.82,1.01,47.18,1642.099976,8684.089844,1486.079956
4790,2020-03-04,3130.1201170000004,31.99,0.992,46.779999,1641.099976,9018.089844,1531.199951
4791,2020-03-05,3023.939941,39.619999,0.926,45.900002,1666.400024,8738.589844,1478.819946
4792,2020-03-06,2972.3701170000004,41.939999,0.706,41.279999,1670.800049,8575.620117,1449.219971
4793,2020-03-09,2746.560059,54.459998999999996,0.499,31.129998999999998,1674.5,7950.680176000001,1313.439941
4794,2020-03-10,2882.22998,47.299999,0.748,34.360001000000004,1659.099976,8344.25,1350.900024
4795,2020-03-11,2741.3798829999996,53.900002,0.82,32.98,1641.400024,7952.049805,1264.300049
4796,2020-03-12,2480.639893,75.470001,0.849,31.5,1589.300049,7201.799805,1122.930054
4797,2020-03-13,2711.02002,57.830002,0.951,31.73,1515.699951,7874.879883,1210.130005
4798,2020-03-16,2386.1298829999996,82.690002,0.728,28.700001,1485.900024,6904.589844,1037.420044
4799,2020-03-17,2529.189941,75.910004,0.997,26.950001,1524.900024,7334.779785,1106.51001
4800,2020-03-18,2398.100098,76.449997,1.266,20.370001000000002,1477.300049,6989.839844,991.159973
4801,2020-03-19,2409.389893,72.0,1.119,25.219998999999998,1478.599976,7150.580078,1058.75
4802,2020-03-20,2304.919922,66.040001,0.938,22.43,1484.0,6879.52002,1013.8900150000001
4803,2020-03-23,2237.399902,61.59,0.764,23.360001,1567.0,6860.669922,1002.400024
4804,2020-03-24,2447.330078,61.669998,0.816,24.01,1660.199951,7417.859863,1096.540039
4805,2020-03-25,2475.560059,63.950001,0.858,24.49,1632.300049,7384.299805,1110.369995
4806,2020-03-26,2630.070068,61.0,0.811,22.6,1650.099976,7797.540039,1180.319946
4807,2020-03-27,2541.469971,65.540001,0.749,21.51,1623.900024,7502.379883,1131.98999
4808,2020-03-30,2626.649902,57.080002,0.67,20.09,1622.0,7774.149901999999,1158.319946
4809,2020-03-31,2584.590088,53.540001000000004,0.698,20.48,1583.400024,7700.100098000001,1153.099976
4810,2020-04-01,2470.5,57.060001,0.635,20.309998999999998,1578.199951,7360.580078,1071.98999
4811,2020-04-02,2526.899902,50.91,0.627,25.32,1625.699951,7487.310059,1085.810059
4812,2020-04-03,2488.649902,46.799999,0.587,28.34,1633.699951,7373.080078,1052.050049
4813,2020-04-06,2663.679932,45.240002000000004,0.676,26.08,1677.0,7913.240234000001,1138.780029
4814,2020-04-07,2659.409912,46.700001,0.736,23.629998999999998,1664.800049,7887.259765999999,1139.170044
4815,2020-04-08,2749.97998,43.349998,0.764,25.09,1665.400024,8090.899901999999,1191.660034
4816,2020-04-09,2789.820068,41.669998,0.729,22.76,1736.199951,8153.580078,1246.72998
4817,2020-04-13,2761.6298829999996,41.169998,0.749,22.41,1744.800049,8192.419922,1212.040039
4818,2020-04-14,2846.060059,37.759997999999996,0.752,20.110001,1756.699951,8515.740234,1237.329956
4819,2020-04-15,2783.360107,40.84,0.638,19.870001000000002,1727.199951,8393.179688,1183.97998
4820,2020-04-16,2799.550049,40.110001000000004,0.609,19.870001000000002,1720.4000239999998,8532.360352,1178.089966
4821,2020-04-17,2874.560059,38.150002,0.654,18.27,1689.199951,8650.139648,1229.099976
4822,2020-04-20,2823.159912,43.830002,0.626,0.0,1701.5999760000002,8560.730469,1213.349976
4823,2020-04-21,2736.560059,45.41,0.571,10.01,1678.199951,8263.230469,1185.089966
4824,2020-04-22,2799.310059,41.98,0.619,13.78,1728.699951,8495.379883,1201.52002
4825,2020-04-23,2797.800049,41.380001,0.613,16.5,1733.300049,8494.75,1214.060059
4826,2020-04-24,2836.73999,35.93,0.596,16.940001000000002,1723.5,8634.519531,1233.050049
4827,2020-04-27,2878.47998,33.290001000000004,0.656,12.78,1711.9000239999998,8730.160156,1281.880005
4828,2020-04-28,2863.389893,33.57,0.61,12.34,1710.5,8607.730469,1298.079956
4829,2020-04-29,2939.51001,31.23,0.627,15.06,1703.4000239999998,8914.709961,1360.76001
4830,2020-04-30,2912.429932,34.150002,0.622,18.84,1684.199951,8889.549805,1310.660034
4831,2020-05-01,2830.709961,37.189999,0.642,19.780001000000002,1694.5,8604.950195,1260.47998
4832,2020-05-04,2842.73999,35.970001,0.637,20.389999,1706.9000239999998,8710.709961,1263.969971
4833,2020-05-05,2868.439941,33.610001000000004,0.657,24.559998999999998,1704.4000239999998,8809.120117,1273.51001
4834,2020-05-06,2848.419922,34.119999,0.711,23.99,1684.199951,8854.389648,1263.01001
4835,2020-05-07,2881.189941,31.440001000000002,0.631,23.549999,1721.800049,8979.660156,1282.930054
4836,2020-05-08,2929.800049,27.98,0.682,24.74,1709.9000239999998,9121.320313,1329.640015
4837,2020-05-11,2930.189941,27.57,0.726,24.139999,1695.300049,9192.339844,1321.23999
4838,2020-05-12,2870.1201170000004,33.040001000000004,0.678,25.780001000000002,1704.4000239999998,9002.549805,1275.540039
4839,2020-05-13,2820.0,35.279999,0.649,25.290001,1713.9000239999998,8863.169922,1233.25
4840,2020-05-14,2852.5,32.610001000000004,0.619,27.559998999999998,1738.0999760000002,8943.719727,1237.550049
4841,2020-05-15,2863.699951,31.889999,0.64,29.43,1753.4000239999998,9014.55957,1256.98999
4842,2020-05-18,2953.909912,29.299999,0.744,31.82,1731.800049,9234.830078,1333.689941
4843,2020-05-19,2922.939941,30.530001000000002,0.711,32.5,1744.199951,9185.099609,1307.719971
4844,2020-05-20,2971.610107,27.99,0.68,33.490002000000004,1750.5999760000002,9375.780273,1346.930054
4845,2020-05-21,2948.51001,29.530001000000002,0.677,33.919998,1720.5,9284.879883,1347.560059
4846,2020-05-22,2955.449951,28.16,0.657,33.25,1734.5999760000002,9324.589844,1355.530029
4847,2020-05-26,2991.77002,28.01,0.698,34.349998,1704.800049,9340.219727,1393.069946
4848,2020-05-27,3036.1298829999996,27.620001000000002,0.68,32.810001,1710.300049,9412.360352,1436.359985
4849,2020-05-28,3029.72998,28.59,0.705,33.709998999999996,1713.300049,9368.990234,1400.670044
4850,2020-05-29,3044.310059,27.51,0.648,35.490002000000004,1736.9000239999998,9489.870117,1394.040039
4851,2020-06-01,3055.72998,28.23,0.662,35.439999,1737.800049,9552.049805,1405.369995
4852,2020-06-02,3080.820068,26.84,0.68,36.810001,1725.199951,9608.379883,1418.209961
4853,2020-06-03,3122.8701170000004,25.66,0.761,37.290001000000004,1697.800049,9682.910156,1452.089966
4854,2020-06-04,3112.350098,25.809998999999998,0.82,37.41,1718.9000239999998,9615.80957,1452.060059
4855,2020-06-05,3193.929932,24.52,0.904,39.549999,1676.199951,9814.080078,1507.150024
4856,2020-06-08,3232.389893,25.809998999999998,0.884,38.189999,1698.300049,9924.75,1536.890015
4857,2020-06-09,3207.179932,27.57,0.829,38.939999,1714.699951,9953.75,1507.050049
4858,2020-06-10,3190.139893,27.57,0.748,39.599998,1713.300049,10020.349609,1467.390015
4859,2020-06-11,3002.100098,40.790001000000004,0.653,36.34,1732.0,9492.730469,1356.219971
4860,2020-06-12,3041.310059,36.09,0.699,36.259997999999996,1729.300049,9588.80957,1387.680054
4861,2020-06-15,3066.590088,34.400002,0.702,37.119999,1720.300049,9726.019531,1419.609985
4862,2020-06-16,3124.73999,33.669998,0.756,38.380001,1729.5999760000002,9895.870117,1452.26001
4863,2020-06-17,3113.48999,33.470001,0.733,37.959998999999996,1729.199951,9910.530273,1426.530029
4864,2020-06-18,3115.340088,32.939999,0.694,38.84,1724.800049,9943.049805,1427.329956
4865,2020-06-19,3097.73999,35.119999,0.697,39.75,1745.9000239999998,9946.120117,1418.630005
4866,2020-06-22,3117.860107,31.77,0.704,40.459998999999996,1756.699951,10056.480469,1433.530029
4867,2020-06-23,3131.290039,31.370001000000002,0.709,40.369999,1772.0999760000002,10131.370117,1439.339966
4868,2020-06-24,3050.330078,33.84,0.684,38.009997999999996,1765.800049,9909.169922,1389.73999
4869,2020-06-25,3083.76001,32.220001,0.674,38.720001,1762.0999760000002,10017.0,1413.310059
4870,2020-06-26,3009.050049,34.73,0.636,38.490002000000004,1772.5,9757.219727,1378.780029
4871,2020-06-29,3053.23999,31.780001000000002,0.636,39.700001,1774.800049,9874.150391,1421.209961
4872,2020-06-30,3100.290039,30.43,0.653,39.27,1793.0,10058.769531,1441.369995
4873,2020-07-01,3115.860107,28.620001000000002,0.682,39.82,1773.199951,10154.629883,1427.310059
4874,2020-07-02,3130.01001,27.68,0.669,40.650002,1784.0,10207.629883,1431.859985
4875,2020-07-06,3179.719971,27.940001000000002,0.684,40.630001,1788.5,10433.650391,1442.880005
4876,2020-07-07,3145.320068,29.43,0.65,40.619999,1804.199951,10343.889648,1416.0
4877,2020-07-08,3169.939941,28.08,0.653,40.900002,1815.5,10492.5,1427.400024
4878,2020-07-09,3152.050049,29.26,0.605,39.619999,1799.199951,10547.75,1398.920044
4879,2020-07-10,3185.040039,27.290001,0.633,40.549999,1798.199951,10617.44043,1422.680054
4880,2020-07-13,3155.219971,32.189999,0.64,40.099998,1811.0,10390.839844,1403.569946
4881,2020-07-14,3197.52002,29.52,0.615,40.290001000000004,1810.5999760000002,10488.580078,1428.26001
4882,2020-07-15,3226.560059,27.76,0.63,41.200001,1811.4000239999998,10550.490234,1478.27002
4883,2020-07-16,3215.570068,28.0,0.612,40.75,1798.699951,10473.830078,1467.560059
4884,2020-07-17,3224.72998,25.68,0.628,40.59,1808.300049,10503.19043,1473.319946
4885,2020-07-20,3251.840088,24.459999,0.62,40.810001,1815.9000239999998,10767.089844,1467.949951
4886,2020-07-21,3257.300049,24.84,0.607,41.959998999999996,1842.4000239999998,10680.360352,1487.51001
4887,2020-07-22,3276.02002,24.32,0.595,41.900002,1864.0999760000002,10706.129883,1490.140015
4888,2020-07-23,3235.659912,26.08,0.582,41.07,1889.0999760000002,10461.419922,1490.199951
4889,2020-07-24,3215.6298829999996,25.84,0.589,41.290001000000004,1897.300049,10363.179688,1467.550049
4890,2020-07-27,3239.409912,24.74,0.609,41.599998,1931.0,10536.269531,1484.650024
4891,2020-07-28,3218.439941,25.440001000000002,0.581,41.040001000000004,1944.699951,10402.089844,1469.76001
4892,2020-07-29,3258.439941,24.1,0.579,41.27,1953.5,10542.94043,1500.630005
4893,2020-07-30,3246.219971,24.76,0.541,39.919998,1942.300049,10587.80957,1495.099976
4894,2020-07-31,3271.1201170000004,24.459999,0.536,40.27,1962.800049,10745.269531,1480.430054
4895,2020-08-03,3294.610107,24.280001000000002,0.563,41.009997999999996,1966.0,10902.799805,1506.800049
4896,2020-08-04,3306.51001,23.76,0.515,41.700001,2001.199951,10941.169922,1517.209961
4897,2020-08-05,3327.77002,22.99,0.543,42.189999,2031.0999760000002,10998.400391,1546.23999
4898,2020-08-06,3349.159912,22.65,0.536,41.950001,2051.5,11108.070313,1544.619995
4899,2020-08-07,3351.280029,22.209999,0.562,41.220001,2010.0999760000002,11010.980469,1569.180054
4900,2020-08-10,3360.469971,22.129998999999998,0.574,41.939999,2024.4000239999998,10968.360352,1584.670044
4901,2020-08-11,3333.689941,24.030001000000002,0.658,41.610001000000004,1932.5999760000002,10782.820313,1575.099976
4902,2020-08-12,3380.350098,22.280001000000002,0.67,42.669998,1934.9000239999998,11012.240234,1583.25
4903,2020-08-13,3373.429932,22.129998999999998,0.716,42.240002000000004,1956.699951,11042.5,1579.790039
4904,2020-08-14,3372.850098,22.049999,0.709,42.009997999999996,1937.0,11019.299805,1577.880005
4905,2020-08-17,3381.98999,21.35,0.683,42.889998999999996,1985.0,11129.730469,1585.469971
4906,2020-08-18,3389.780029,21.51,0.669,42.889998999999996,1999.4000239999998,11210.839844,1569.77002
4907,2020-08-19,3374.850098,22.540001,0.675,42.93,1958.699951,11146.459961,1572.069946
4908,2020-08-20,3385.51001,22.719998999999998,0.644,42.580002,1933.800049,11264.950195,1564.300049
4909,2020-08-21,3397.1599119999996,22.540001,0.64,42.34,1934.5999760000002,11311.799805,1552.47998
4910,2020-08-24,3431.280029,22.370001000000002,0.646,42.619999,1927.699951,11379.719727,1568.469971
4911,2020-08-25,3443.6201170000004,22.030001000000002,0.682,43.349998,1911.800049,11466.469727,1571.209961
4912,2020-08-26,3478.7299799999996,23.27,0.687,43.389998999999996,1940.699951,11665.05957,1560.189941
4913,2020-08-27,3484.5500490000004,24.469998999999998,0.746,43.040001000000004,1921.5999760000002,11625.339844,1564.560059
4914,2020-08-28,3508.01001,22.959999,0.729,42.970001,1964.5999760000002,11695.629883,1578.339966
4915,2020-08-31,3500.3100590000004,26.41,0.693,42.610001000000004,1967.5999760000002,11775.459961,1561.880005
4916,2020-09-01,3526.649902,26.120001000000002,0.672,42.759997999999996,1968.199951,11939.669922,1578.579956
4917,2020-09-02,3580.8400880000004,26.57,0.651,41.509997999999996,1934.4000239999998,12056.44043,1592.290039
4918,2020-09-03,3455.0600590000004,33.599998,0.622,41.369999,1927.5999760000002,11458.099609,1544.680054
4919,2020-09-04,3426.959961,30.75,0.721,39.77,1923.9000239999998,11313.129883,1535.300049
4920,2020-09-08,3331.840088,31.459999,0.684,36.759997999999996,1933.0,10847.69043,1504.589966
4921,2020-09-09,3398.959961,28.809998999999998,0.703,38.049999,1944.699951,11141.55957,1526.47998
4922,2020-09-10,3339.189941,29.709999,0.685,37.299999,1954.199951,10919.589844,1507.75
4923,2020-09-11,3340.969971,26.870001000000002,0.669,37.330002,1937.800049,10853.549805,1497.27002
4924,2020-09-14,3383.540039,25.85,0.671,37.259997999999996,1953.0999760000002,11056.650391,1536.969971
4925,2020-09-15,3401.1999509999996,25.59,0.679,38.279999,1956.300049,11190.320313,1538.150024
4926,2020-09-16,3385.48999,26.040001,0.687,40.16,1960.199951,11050.469727,1552.329956
4927,2020-09-17,3357.01001,26.459999,0.684,40.970001,1940.0,10910.280273,1542.599976
4928,2020-09-18,3319.469971,25.83,0.694,41.110001000000004,1952.0999760000002,10793.280273,1536.780029
4929,2020-09-21,3281.060059,27.780001000000002,0.671,39.310001,1901.199951,10778.799805,1485.25
4930,2020-09-22,3315.570068,26.860001,0.664,39.599998,1898.5999760000002,10963.639648,1496.959961
4931,2020-09-23,3236.919922,28.58,0.676,39.93,1859.9000239999998,10632.990234,1451.459961
4932,2020-09-24,3246.590088,28.51,0.666,40.310001,1868.300049,10672.269531,1451.819946
4933,2020-09-25,3298.459961,26.379998999999998,0.659,40.25,1857.699951,10913.55957,1474.910034
4934,2020-09-28,3351.600098,26.190001000000002,0.663,40.599998,1872.800049,11117.530273,1510.339966
4935,2020-09-29,3335.469971,26.27,0.645,39.290001000000004,1894.300049,11085.25,1504.72998
4936,2020-09-30,3363.0,26.370001000000002,0.677,40.220001,1887.5,11167.509766,1507.689941
4937,2020-10-01,3380.8000490000004,26.700001,0.677,38.720001,1908.4000239999998,11326.509766,1531.199951
4938,2020-10-02,3348.419922,27.629998999999998,0.696,37.049999,1900.199951,11075.019531,1531.199951
4939,2020-10-05,3408.600098,27.959999,0.762,39.220001,1912.5,11332.490234,1581.959961
4940,2020-10-06,3360.969971,29.48,0.742,40.669998,1901.0999760000002,11154.599609,1577.290039
4941,2020-10-07,3419.4399409999996,28.059998999999998,0.785,39.950001,1883.5999760000002,11364.599609,1611.040039
4942,2020-10-08,3446.830078,26.360001,0.765,41.189999,1888.5999760000002,11420.980469,1628.550049
4943,2020-10-09,3477.139893,25.0,0.775,40.599998,1919.5,11579.94043,1637.550049
4944,2020-10-12,3534.219971,25.07,0.777,39.43,1922.5,11876.259766,1649.050049
4945,2020-10-13,3511.929932,26.07,0.727,40.200001,1888.5,11863.900391,1636.849976
4946,2020-10-14,3488.669922,26.4,0.722,41.040001000000004,1901.300049,11768.730469,1621.650024
4947,2020-10-15,3483.3400880000004,26.969998999999998,0.731,40.959998999999996,1903.199951,11713.870117,1638.880005
4948,2020-10-16,3483.8100590000004,27.41,0.744,40.880001,1900.800049,11671.55957,1633.810059
4949,2020-10-19,3426.919922,29.18,0.761,40.830002,1906.4000239999998,11478.879883,1613.630005
4950,2020-10-20,3443.1201170000004,29.35,0.797,41.459998999999996,1910.4000239999998,11516.490234,1617.709961
4951,2020-10-21,3435.5600590000004,28.65,0.816,40.029999,1924.5999760000002,11484.69043,1603.780029
4952,2020-10-22,3453.48999,28.110001,0.848,40.639998999999996,1901.0999760000002,11506.009766,1630.25
4953,2020-10-23,3465.389893,27.549999,0.841,39.849998,1902.0,11548.280273,1640.5
4954,2020-10-26,3400.969971,32.459998999999996,0.801,38.560001,1902.699951,11358.94043,1605.209961
4955,2020-10-27,3390.679932,33.349998,0.778,39.57,1908.800049,11431.349609,1590.709961
4956,2020-10-28,3271.030029,40.279999,0.781,37.389998999999996,1876.199951,11004.870117,1543.280029
4957,2020-10-29,3310.110107,37.59,0.835,36.169998,1865.5999760000002,11185.589844,1561.579956
4958,2020-10-30,3269.959961,38.02,0.86,35.790001000000004,1877.4000239999998,10911.589844,1538.47998
4959,2020-11-02,3310.23999,37.130001,0.849,36.810001,1890.4000239999998,10957.610352,1568.589966
4960,2020-11-03,3369.1599119999996,35.549999,0.882,37.66,1908.5,11160.570313,1614.300049
4961,2020-11-04,3443.4399409999996,29.57,0.768,39.150002,1894.5999760000002,11590.780273,1615.079956
4962,2020-11-05,3510.4499509999996,27.58,0.776,38.790001000000004,1945.300049,11890.929688,1660.050049
4963,2020-11-06,3509.4399409999996,24.860001,0.82,37.139998999999996,1950.300049,11895.230469,1648.26001
4964,2020-11-09,3550.5,25.75,0.958,40.290001000000004,1853.199951,11713.780273,1705.040039
4965,2020-11-10,3545.530029,24.799999,0.972,41.360001000000004,1875.4000239999998,11553.860352,1737.0100100000002
4966,2020-11-11,3572.6599119999996,23.450001,0.958,41.450001,1860.699951,11786.429688,1736.939941
4967,2020-11-12,3537.01001,25.35,0.885,41.119999,1872.5999760000002,11709.589844,1708.469971
4968,2020-11-13,3585.149902,23.1,0.893,40.130001,1885.699951,11829.290039,1744.040039
4969,2020-11-16,3626.9099119999996,22.450001,0.906,41.34,1887.300049,11924.129883,1785.339966
4970,2020-11-17,3609.530029,22.709999,0.872,41.43,1884.5,11899.339844,1791.910034
4971,2020-11-18,3567.790039,23.84,0.882,41.82,1873.5,11801.599609,1769.319946
4972,2020-11-19,3581.8701170000004,23.110001,0.854,41.740002000000004,1861.0999760000002,11904.709961,1784.130005
4973,2020-11-20,3557.540039,23.700001,0.829,42.150002,1872.5999760000002,11854.969727,1785.339966
4974,2020-11-23,3577.5900880000004,22.66,0.857,43.060001,1837.800049,11880.629883,1818.300049
4975,2020-11-24,3635.4099119999996,21.639999,0.882,44.91,1804.800049,12036.790039,1853.530029
4976,2020-11-25,3629.649902,21.25,0.878,45.709998999999996,1805.699951,12094.400391,1845.02002
4977,2020-11-27,3638.350098,20.84,0.878,45.709998999999996,1805.699951,12205.849609,1855.27002
4978,2020-11-30,3621.6298829999996,20.57,0.844,45.34,1775.699951,12198.740234,1819.819946
4979,2020-12-01,3662.4499509999996,20.77,0.934,44.549999,1814.0999760000002,12355.110352,1836.050049
4980,2020-12-02,3669.01001,21.17,0.948,45.279999,1825.699951,12349.370117,1838.030029
4981,2020-12-03,3666.719971,21.280001000000002,0.92,45.639998999999996,1836.800049,12377.179688,1848.699951
4982,2020-12-04,3699.1201170000004,20.790001,0.969,46.259997999999996,1835.9000239999998,12464.230469,1892.449951
4983,2020-12-07,3691.959961,21.299999,0.928,45.759997999999996,1861.800049,12519.950195,1891.25
4984,2020-12-08,3702.25,20.68,0.913,45.599998,1870.800049,12582.769531,1917.780029
4985,2020-12-09,3672.820068,22.27,0.941,45.52,1834.5999760000002,12338.950195,1902.1500239999998
4986,2020-12-10,3668.100098,22.52,0.908,46.779999,1833.5999760000002,12405.80957,1922.699951
4987,2020-12-11,3663.459961,23.309998999999998,0.893,46.57,1839.800049,12377.870117,1911.699951
4988,2020-12-14,3647.48999,24.719998999999998,0.892,46.990002000000004,1828.699951,12440.040039,1913.859985
4989,2020-12-15,3694.6201170000004,22.889999,0.923,47.619999,1852.300049,12595.05957,1959.7600100000002
4990,2020-12-16,3701.169922,22.5,0.92,47.82,1856.0999760000002,12658.19043,1952.719971
4991,2020-12-17,3722.4799799999996,21.93,0.93,48.360001000000004,1887.199951,12764.75,1978.050049
4992,2020-12-18,3709.4099119999996,21.57,0.948,49.099998,1885.699951,12755.639648,1969.9899899999998
4993,2020-12-21,3694.919922,25.16,0.941,47.740002000000004,1879.199951,12742.519531,1970.3299559999998
4994,2020-12-22,3687.26001,24.23,0.918,47.02,1866.5999760000002,12807.919922,1989.880005
4995,2020-12-23,3690.01001,23.309998999999998,0.955,48.119999,1874.699951,12771.110352,2007.0999760000002
4996,2020-12-24,3703.0600590000004,21.530001000000002,0.955,48.119999,1874.699951,12804.730469,2003.949951
4997,2020-12-28,3735.360107,21.700001,0.933,47.619999,1877.199951,12899.419922,1996.25
4998,2020-12-29,3727.040039,23.08,0.935,48.0,1879.699951,12850.219727,1959.359985
4999,2020-12-30,3732.040039,22.77,0.926,48.400002,1891.0,12870.0,1979.9899899999998
5000,2020-12-31,3756.07,22.75,0.917,48.52,1893.0999760000002,12888.280273,1974.859985
5001,2021-01-05,3700.65,26.97,0.917,47.57,1944.2,12698.45,1945.91
5002,2021-01-06,3726.86,25.34,0.955,50.03,1947.5,12818.96,1979.11
5003,2021-01-07,3748.14,25.07,1.042,51.04,1919.4,12740.79,2057.92
5004,2021-01-08,3803.79,22.37,1.071,51.09,1911.6,13067.48,2096.89
5005,2021-01-09,3824.68,21.56,1.105,52.73,1849.9,13201.98,2091.66
5006,2021-01-12,3799.61,24.08,1.132,52.17,1850.8,13036.43,2091.01
5007,2021-01-13,3801.19,23.33,1.138,53.89,1859.6,13072.43,2127.96
5008,2021-01-14,3809.84,22.21,1.088,52.78,1838.9,13128.95,2111.97
5009,2021-01-15,3795.54,23.25,1.129,53.63,1851.2,13112.6,2155.35
